PCP_Specific Surface Area (BET)_value,PCP_Total Pore Volume_value,PCP_Micropore Volume_value,PCP_Micropore Specific Surface Area_value,PCP_Mesopore Volume_value,PCP_Average Pore Diameter_value,PCP_Degree of Graphitization (Raman ID_IG)_value,PCP_Interlayer Spacing (XRD d002)_value,PCP_Element Content_C_value,PCP_Element Content_N_value,PCP_Element Content_O_value,PCP_Element Content_H_value,PCP_Element Content_S_value,Electrochem_Specific Capacitance_condition_value,Electrochem_Specific Capacitance_value,Electrochem_Cycle Stability_Cycle Number_value,Electrochem_Cycle Stability_Capacity Retention_value,Electrochem_Energy Density_value,Electrochem_Power Density_value,Electrochem_Voltage Window_value_min,Electrochem_Voltage Window_value_max,Electrochem_ESR_value,Electrochem_Rct_value,Preparation_Carbonization Temperature_value,doi,Sample Name
2097.0,1.62,1.12,1569.0,0.5,2.1,1.06,,91.61,,8.18,,0.21,1.0,313.0,6000.0,94.0,,,-1.0,0.0,0.73,0.33,700.0,10.1016_j.est.2023.109094_extracted_structured,c-ph
2097.0,1.62,1.12,1569.0,0.5,2.1,1.06,,91.61,,8.18,,0.21,1.0,295.0,6000.0,94.0,,,-1.0,0.0,0.73,0.33,700.0,10.1016_j.est.2023.109094_extracted_structured,c-ph
2097.0,1.62,1.12,1569.0,0.5,2.1,1.06,,91.61,,8.18,,0.21,1.0,281.0,6000.0,94.0,,,-1.0,0.0,0.73,0.33,700.0,10.1016_j.est.2023.109094_extracted_structured,c-ph
2097.0,1.62,1.12,1569.0,0.5,2.1,1.06,,91.61,,8.18,,0.21,1.0,265.0,6000.0,94.0,,,-1.0,0.0,0.73,0.33,700.0,10.1016_j.est.2023.109094_extracted_structured,c-ph
2097.0,1.62,1.12,1569.0,0.5,2.1,1.06,,91.61,,8.18,,0.21,1.0,249.0,6000.0,94.0,,,-1.0,0.0,0.73,0.33,700.0,10.1016_j.est.2023.109094_extracted_structured,c-ph
1532.0,1.02,0.35,721.0,0.67,2.7,1.03,,91.19,,8.52,,0.29,1.0,292.0,,,,,-1.0,0.0,0.83,0.52,700.0,10.1016_j.est.2023.109094_extracted_structured,c-sh
1532.0,1.02,0.35,721.0,0.67,2.7,1.03,,91.19,,8.52,,0.29,5.0,273.0,,,,,-1.0,0.0,0.83,0.52,700.0,10.1016_j.est.2023.109094_extracted_structured,c-sh
1532.0,1.02,0.35,721.0,0.67,2.7,1.03,,91.19,,8.52,,0.29,10.0,260.0,,,,,-1.0,0.0,0.83,0.52,700.0,10.1016_j.est.2023.109094_extracted_structured,c-sh
1532.0,1.02,0.35,721.0,0.67,2.7,1.03,,91.19,,8.52,,0.29,1.0,274.0,,,,,-1.0,0.0,0.83,0.52,700.0,10.1016_j.est.2023.109094_extracted_structured,c-sh
1080.0,1.1,0.12,356.0,0.98,6.0,1.01,,90.07,,9.62,,0.31,1.0,276.0,,,,,-1.0,0.0,1.4,0.47,700.0,10.1016_j.est.2023.109094_extracted_structured,c-pc
1080.0,1.1,0.12,356.0,0.98,6.0,1.01,,90.07,,9.62,,0.31,5.0,252.0,,,,,-1.0,0.0,1.4,0.47,700.0,10.1016_j.est.2023.109094_extracted_structured,c-pc
1080.0,1.1,0.12,356.0,0.98,6.0,1.01,,90.07,,9.62,,0.31,10.0,242.0,,,,,-1.0,0.0,1.4,0.47,700.0,10.1016_j.est.2023.109094_extracted_structured,c-pc
1080.0,1.1,0.12,356.0,0.98,6.0,1.01,,90.07,,9.62,,0.31,10.0,259.0,,,,,-1.0,0.0,1.4,0.47,700.0,10.1016_j.est.2023.109094_extracted_structured,c-pc
1007.0,0.4504,0.3492,,0.0876,1.79,1.13,,82.45,2.47,14.81,,0.27,0.5,281.6,,,,,0.0,1.0,,,700.0,10.1016_j.jaap.2024.106525_extracted_structured,bc-sa
1007.0,0.4504,0.3492,,0.0876,1.79,1.13,,82.45,2.47,14.81,,0.27,,219.4,,,,,0.0,1.0,,,700.0,10.1016_j.jaap.2024.106525_extracted_structured,bc-sa
514.0,0.52,0.19,363.0,0.33,6.2,0.98,,64.41,,,,,5.0,487.0,,78.0,,,0.0,0.4,,,650.0,10.1016_j.nanoso.2018.10.002_extracted_structured,1mno2-0.2bc
514.0,0.52,0.19,363.0,0.33,6.2,0.98,,64.41,,,,,,131.0,,78.0,,,0.0,0.4,,,650.0,10.1016_j.nanoso.2018.10.002_extracted_structured,1mno2-0.2bc
1869.543,0.852,0.715,1763.776,0.137,3.209,0.92,,63.13,4.03,24.62,,0.4,0.2,216.6,5000.0,88.0,,,0.0,-1.0,0.58,,,10.1016_j.biortech.2020.123735_extracted_structured,chlorella + bio-oil
955.0,0.52,0.38,,0.14,0.98,1.024,,66.4,2.71,7.63,,,0.5,136.5,,,,,-1.0,0.0,,,800.0,10.1016_j.electacta.2020.137010_extracted_structured,bnc-10
891.0,0.46,0.36,,0.1,0.96,0.973,,62.46,1.73,7.8,,,0.5,188.0,,,9.33,400.0,-1.0,0.0,0.33,,800.0,10.1016_j.electacta.2020.137010_extracted_structured,bnc-20
891.0,0.46,0.36,,0.1,0.96,0.973,,62.46,1.73,7.8,,,0.5,105.0,,,9.33,400.0,-1.0,0.0,0.33,,800.0,10.1016_j.electacta.2020.137010_extracted_structured,bnc-20
891.0,0.46,0.36,,0.1,0.96,0.973,,62.46,1.73,7.8,,,5.0,62.5,,,9.33,400.0,-1.0,0.0,0.33,,800.0,10.1016_j.electacta.2020.137010_extracted_structured,bnc-20
465.8,1.76,0.185,,0.021,2.22,0.9,,,,,,,1.0,47.0,,,,,0.0,1.0,,,600.0,10.1016_j.colsurfa.2023.132874_extracted_structured,p-kf-6
1028.5,1.77,0.403,,0.052,2.15,1.01,,,,,,,1.0,58.0,,,,,0.0,1.0,,,800.0,10.1016_j.colsurfa.2023.132874_extracted_structured,p-kf-8
1241.9,0.669,0.546,,0.123,2.15,1.02,,,,,,,1.0,66.0,,,,,0.0,1.0,,,900.0,10.1016_j.colsurfa.2023.132874_extracted_structured,p-kf-9
1241.9,0.669,0.546,,0.123,2.15,1.02,,,,,,,1.0,86.0,,,,,0.0,1.0,,,900.0,10.1016_j.colsurfa.2023.132874_extracted_structured,p-kf-9
1374.8,0.752,0.541,,0.211,2.18,1.05,,,,,,,1.0,86.0,,,,,0.0,1.0,,,900.0,10.1016_j.colsurfa.2023.132874_extracted_structured,p-kf-9a
1733.3,0.916,0.655,,0.261,2.11,1.08,,,,,,,1.0,113.0,10000.0,96.3,4.86,2500.0,0.0,1.0,0.32,0.57,900.0,10.1016_j.colsurfa.2023.132874_extracted_structured,p-kf-9b
1733.3,0.916,0.655,,0.261,2.11,1.08,,,,,,,0.5,32.5,10000.0,96.3,4.86,2500.0,0.0,1.0,0.32,0.57,900.0,10.1016_j.colsurfa.2023.132874_extracted_structured,p-kf-9b
2203.8,1.085,0.0173,126.9,1.068,2.0506,0.8489,,92.8,,7.2,,,1.0,357.9,10000.0,92.0,,,0.0,0.6,,,,10.1016_j.cej.2024.153229_extracted_structured,cts-4
2203.8,1.085,0.0173,126.9,1.068,2.0506,0.8489,,92.8,,7.2,,,,284.0,10000.0,92.0,,,0.0,0.6,,,,10.1016_j.cej.2024.153229_extracted_structured,cts-4
2027.0,0.84,0.7,1793.0,0.14,1.45,0.93,,90.3,,9.7,,,0.5,319.0,,,,,0.0,0.54,0.46,,750.0,10.1016_j.electacta.2017.02.078_extracted_structured,wjc-750
2438.0,1.0,0.85,2170.0,0.15,1.58,0.91,,93.3,,6.7,,,0.5,398.0,,,,,0.0,0.54,0.44,,800.0,10.1016_j.electacta.2017.02.078_extracted_structured,wjc-800
2438.0,1.0,0.85,2170.0,0.15,1.58,0.91,,93.3,,6.7,,,0.5,260.0,,,,,0.0,0.54,0.44,,800.0,10.1016_j.electacta.2017.02.078_extracted_structured,wjc-800
1843.0,0.74,0.63,1641.0,0.11,1.66,0.87,,94.9,,5.1,,,0.5,269.0,,,,,0.0,0.54,0.43,,850.0,10.1016_j.electacta.2017.02.078_extracted_structured,wjc-850
1166.0,0.81,0.45,,0.36,2.16,0.95,,89.92,4.87,5.21,,,1.0,156.0,,,,,-1.0,0.0,,,850.0,10.1016_j.matchemphys.2020.123201_extracted_structured,w-850°c-10
1166.0,0.81,0.45,,0.36,2.16,0.95,,89.92,4.87,5.21,,,0.5,212.0,,,,,-1.0,0.0,,,850.0,10.1016_j.matchemphys.2020.123201_extracted_structured,w-850°c-10
1166.0,0.81,0.45,,0.36,2.16,0.95,,89.92,4.87,5.21,,,1.0,196.0,,,,,-1.0,0.0,,,850.0,10.1016_j.matchemphys.2020.123201_extracted_structured,w-850°c-10
1166.0,0.81,0.45,,0.36,2.16,0.95,,89.92,4.87,5.21,,,2.0,187.0,,,,,-1.0,0.0,,,850.0,10.1016_j.matchemphys.2020.123201_extracted_structured,w-850°c-10
1166.0,0.81,0.45,,0.36,2.16,0.95,,89.92,4.87,5.21,,,5.0,178.0,,,,,-1.0,0.0,,,850.0,10.1016_j.matchemphys.2020.123201_extracted_structured,w-850°c-10
1166.0,0.81,0.45,,0.36,2.16,0.95,,89.92,4.87,5.21,,,10.0,170.0,,,,,-1.0,0.0,,,850.0,10.1016_j.matchemphys.2020.123201_extracted_structured,w-850°c-10
1040.0,0.56,0.4,,0.16,1.76,0.91,,71.17,3.52,25.3,,,1.0,143.0,,,,,-1.0,0.0,,,850.0,10.1016_j.matchemphys.2020.123201_extracted_structured,850°c-0
1108.0,0.72,0.45,,0.27,1.85,0.94,,85.64,6.82,7.54,,,1.0,154.0,,,,,-1.0,0.0,,,800.0,10.1016_j.matchemphys.2020.123201_extracted_structured,800°c-10
1382.0,1.12,0.62,,0.5,2.35,0.97,,89.08,5.16,5.76,,,1.0,196.0,5000.0,87.4,9.7,261.44,-1.0,0.0,,,850.0,10.1016_j.matchemphys.2020.123201_extracted_structured,850°c-10
1382.0,1.12,0.62,,0.5,2.35,0.97,,89.08,5.16,5.76,,,0.5,212.0,5000.0,87.4,9.7,261.44,-1.0,0.0,,,850.0,10.1016_j.matchemphys.2020.123201_extracted_structured,850°c-10
1382.0,1.12,0.62,,0.5,2.35,0.97,,89.08,5.16,5.76,,,2.0,187.0,5000.0,87.4,9.7,261.44,-1.0,0.0,,,850.0,10.1016_j.matchemphys.2020.123201_extracted_structured,850°c-10
1382.0,1.12,0.62,,0.5,2.35,0.97,,89.08,5.16,5.76,,,5.0,178.0,5000.0,87.4,9.7,261.44,-1.0,0.0,,,850.0,10.1016_j.matchemphys.2020.123201_extracted_structured,850°c-10
1382.0,1.12,0.62,,0.5,2.35,0.97,,89.08,5.16,5.76,,,10.0,170.0,5000.0,87.4,9.7,261.44,-1.0,0.0,,,850.0,10.1016_j.matchemphys.2020.123201_extracted_structured,850°c-10
1228.0,0.88,0.46,,0.42,2.21,0.92,,77.5,4.85,17.65,,,1.0,162.0,,,,,-1.0,0.0,,,900.0,10.1016_j.matchemphys.2020.123201_extracted_structured,900°c-10
402.42,0.2,0.14,359.81,0.05,5.5,1.0,,85.0,5.0,10.0,,,0.5,221.0,10000.0,100.0,7.57,250.0,-1.0,0.0,1.0,1.0,600.0,10.1016_j.jaap.2023.105894_extracted_structured,ck-600
402.42,0.2,0.14,359.81,0.05,5.5,1.0,,85.0,5.0,10.0,,,1.0,210.0,10000.0,100.0,7.57,250.0,-1.0,0.0,1.0,1.0,600.0,10.1016_j.jaap.2023.105894_extracted_structured,ck-600
402.42,0.2,0.14,359.81,0.05,5.5,1.0,,85.0,5.0,10.0,,,10.0,82.0,10000.0,100.0,7.57,250.0,-1.0,0.0,1.0,1.0,600.0,10.1016_j.jaap.2023.105894_extracted_structured,ck-600
1300.47,1.005,0.646,,,2.42,1.01,,,,,,,1.0,320.0,,,,,0.0,0.0,,,800.0,10.1016_j.jmrt.2022.01.056_extracted_structured,ehpc-800
2389.12,1.384,0.694,,,2.43,1.03,,,,,,,1.0,469.0,,,,,0.0,0.0,,,900.0,10.1016_j.jmrt.2022.01.056_extracted_structured,ehpc-900
1947.37,1.264,0.367,,,3.16,1.14,,,,,,,1.0,469.0,20000.0,99.95,15.83,55.5,0.0,0.0,,,,10.1016_j.jmrt.2022.01.056_extracted_structured,ehpc-1000
1947.37,1.264,0.367,,,3.16,1.14,,,,,,,,320.0,20000.0,99.95,15.83,55.5,0.0,0.0,,,,10.1016_j.jmrt.2022.01.056_extracted_structured,ehpc-1000
2072.0,2.13,0.6,0.6,,,0.976,,89.44,1.84,,,,,170.0,,,,,-0.2,0.8,,,800.0,10.1016_j.diamond.2022.109164_extracted_structured,a-scg 1:4
1648.91,0.911,0.327,689.86,0.584,2.436,1.04,,89.31,3.1,6.6,,,1.0,227.0,,,,,-1.0,0.0,1.154,0.62,800.0,10.1016_j.diamond.2021.108614_extracted_structured,rca
1648.91,0.911,0.327,689.86,0.584,2.436,1.04,,89.31,3.1,6.6,,,0.5,244.0,,,,,-1.0,0.0,1.154,0.62,800.0,10.1016_j.diamond.2021.108614_extracted_structured,rca
1648.91,0.911,0.327,689.86,0.584,2.436,1.04,,89.31,3.1,6.6,,,2.0,210.0,,,,,-1.0,0.0,1.154,0.62,800.0,10.1016_j.diamond.2021.108614_extracted_structured,rca
1648.91,0.911,0.327,689.86,0.584,2.436,1.04,,89.31,3.1,6.6,,,5.0,196.0,,,,,-1.0,0.0,1.154,0.62,800.0,10.1016_j.diamond.2021.108614_extracted_structured,rca
1648.91,0.911,0.327,689.86,0.584,2.436,1.04,,89.31,3.1,6.6,,,10.0,177.0,,,,,-1.0,0.0,1.154,0.62,800.0,10.1016_j.diamond.2021.108614_extracted_structured,rca
941.48,0.549,0.336,713.12,0.213,2.39,1.02,,83.78,3.68,11.69,,,1.0,352.0,10000.0,90.0,,,-1.0,0.0,0.961,0.45,800.0,10.1016_j.diamond.2021.108614_extracted_structured,rca-n
941.48,0.549,0.336,713.12,0.213,2.39,1.02,,83.78,3.68,11.69,,,0.5,368.0,10000.0,90.0,,,-1.0,0.0,0.961,0.45,800.0,10.1016_j.diamond.2021.108614_extracted_structured,rca-n
941.48,0.549,0.336,713.12,0.213,2.39,1.02,,83.78,3.68,11.69,,,2.0,336.0,10000.0,90.0,,,-1.0,0.0,0.961,0.45,800.0,10.1016_j.diamond.2021.108614_extracted_structured,rca-n
941.48,0.549,0.336,713.12,0.213,2.39,1.02,,83.78,3.68,11.69,,,5.0,307.0,10000.0,90.0,,,-1.0,0.0,0.961,0.45,800.0,10.1016_j.diamond.2021.108614_extracted_structured,rca-n
941.48,0.549,0.336,713.12,0.213,2.39,1.02,,83.78,3.68,11.69,,,10.0,276.0,10000.0,90.0,,,-1.0,0.0,0.961,0.45,800.0,10.1016_j.diamond.2021.108614_extracted_structured,rca-n
680.98,0.395,0.342,,0.053,3.276,0.7,0.43,74.0,,,,,0.1,162.07,,,,,-1.0,0.0,,,700.0,10.1016_j.diamond.2024.111640_extracted_structured,wsc
97.3,0.094,0.025,50.8,0.069,3.85,0.954,,,,,,,0.5,166.0,,,,,0.0,0.5,,,700.0,10.1016_j.est.2022.104889_extracted_structured,dc-700-0
97.3,0.094,0.025,50.8,0.069,3.85,0.954,,,,,,,,98.0,,,,,0.0,0.5,,,700.0,10.1016_j.est.2022.104889_extracted_structured,dc-700-0
744.2,0.485,0.337,624.2,0.158,2.6,0.939,,,,,,,0.5,221.0,,,,,0.0,0.5,,,700.0,10.1016_j.est.2022.104889_extracted_structured,pc-700-koh
744.2,0.485,0.337,624.2,0.158,2.6,0.939,,,,,,,,90.0,,,,,0.0,0.5,,,700.0,10.1016_j.est.2022.104889_extracted_structured,pc-700-koh
780.4,0.488,0.351,694.6,0.137,2.5,0.906,,89.37,1.99,8.16,,,0.5,286.1,,,,,0.0,0.5,,,700.0,10.1016_j.est.2022.104889_extracted_structured,hgpbc-700-k2feo4
780.4,0.488,0.351,694.6,0.137,2.5,0.906,,89.37,1.99,8.16,,,,190.0,,,,,0.0,0.5,,,700.0,10.1016_j.est.2022.104889_extracted_structured,hgpbc-700-k2feo4
1243.8,1.58,0.77,77.0,0.81,5.1,1.06,,85.0,10.0,5.0,,,1.0,255.0,5000.0,95.0,13.2,401.2,0.0,1.0,0.49,0.45,700.0,10.1016_j.apsusc.2020.146770_extracted_structured,np-2d-luhpcs-700
1243.8,1.58,0.77,77.0,0.81,5.1,1.06,,85.0,10.0,5.0,,,0.5,285.0,5000.0,95.0,13.2,401.2,0.0,1.0,0.49,0.45,700.0,10.1016_j.apsusc.2020.146770_extracted_structured,np-2d-luhpcs-700
1440.1,1.23,0.86,86.0,0.37,4.52,0.99,,,,,,,1.0,155.3,,,,,0.0,1.0,,,800.0,10.1016_j.apsusc.2020.146770_extracted_structured,np-2d-hpcs-800
18.4,0.027,0.001,15.3,0.026,1.296,0.91,,,,,,,5.0,143.0,,,,,0.0,1.0,,,,10.1016_j.materresbull.2018.12.028_extracted_structured,cg-pcc
18.4,0.027,0.001,15.3,0.026,1.296,0.91,,,,,,,1.0,172.0,,,,,0.0,1.0,,,,10.1016_j.materresbull.2018.12.028_extracted_structured,cg-pcc
778.8,0.32,0.26,,,,0.65,,76.64,6.78,16.58,,,0.5,421.1,,,,,0.0,1.0,,,,10.1016_j.cej.2018.08.169_extracted_structured,otss-3-350
1209.1,0.76,0.617,73.0,0.143,,1.38,,70.79,0.15,28.18,0.88,,0.3,228.1,,,14.5,1250.0,0.0,1.0,,,800.0,10.1016_j.carbon.2023.118285_extracted_structured,hac-2
1209.1,0.76,0.617,73.0,0.143,,1.38,,70.79,0.15,28.18,0.88,,0.25,157.8,,,14.5,1250.0,0.0,1.0,,,800.0,10.1016_j.carbon.2023.118285_extracted_structured,hac-2
18.43,0.037,0.02,,,,0.94,,,,,,,1.0,125.5,,,,,-1.0,0.0,0.89,,900.0,10.1016_j.apsusc.2018.07.001_extracted_structured,bca
147.11,0.079,0.054,,,,0.96,,,,,,,1.0,92.1,,,,,-1.0,0.0,0.83,,900.0,10.1016_j.apsusc.2018.07.001_extracted_structured,bca-0.5
453.4,0.237,0.169,,,,0.95,,,,,,,1.0,103.0,,,,,-1.0,0.0,0.86,,900.0,10.1016_j.apsusc.2018.07.001_extracted_structured,bca-1
709.37,0.376,0.289,,,,0.95,,,,,,,1.0,105.7,,,,,-1.0,0.0,0.84,,900.0,10.1016_j.apsusc.2018.07.001_extracted_structured,bca-1.5
1414.97,0.746,0.422,,,,0.99,,86.58,2.55,10.6,,,1.0,178.9,10000.0,98.0,3.23,5000.0,-1.0,0.0,0.75,,900.0,10.1016_j.apsusc.2018.07.001_extracted_structured,bca-2
1414.97,0.746,0.422,,,,0.99,,86.58,2.55,10.6,,,10.0,96.0,10000.0,98.0,3.23,5000.0,-1.0,0.0,0.75,,900.0,10.1016_j.apsusc.2018.07.001_extracted_structured,bca-2
1414.97,0.746,0.422,,,,0.99,,86.58,2.55,10.6,,,0.1,93.0,10000.0,98.0,3.23,5000.0,-1.0,0.0,0.75,,900.0,10.1016_j.apsusc.2018.07.001_extracted_structured,bca-2
748.95,0.9372,0.3782,,,1.94,1.12,0.3503,81.2,6.9,11.4,,0.5,1.0,433.7,10000.0,93.17,23.04,4000.0,0.0,1.0,0.62,0.97,,10.1016_j.fuproc.2020.106677_extracted_structured,a-lpcs
748.95,0.9372,0.3782,,,1.94,1.12,0.3503,81.2,6.9,11.4,,0.5,10.0,341.6,10000.0,93.17,23.04,4000.0,0.0,1.0,0.62,0.97,,10.1016_j.fuproc.2020.106677_extracted_structured,a-lpcs
3139.0,1.38,0.84,,0.54,,1.28,,,,,,,0.5,305.0,5000.0,95.0,58.0,650.0,0.0,1.3,,,,10.1016_j.carbon.2023.118347_extracted_structured,abnc-4
3139.0,1.38,0.84,,0.54,,1.28,,,,,,,10.0,207.0,5000.0,95.0,58.0,650.0,0.0,1.3,,,,10.1016_j.carbon.2023.118347_extracted_structured,abnc-4
2280.01,1.67,0.905,,0.614,,1.02,0.39,,,,,,0.5,390.0,,,,,0.0,1.0,1.399,1.9,600.0,10.1016_j.est.2023.107616_extracted_structured,acf-rgo/scp
1852.17,1.129,0.542,,0.557,,1.1,0.39,,,,,,0.5,521.0,12000.0,96.4,27.5,472.0,0.0,1.0,1.95,1.663,600.0,10.1016_j.est.2023.107616_extracted_structured,acf-rgo/lcp
1852.17,1.129,0.542,,0.557,,1.1,0.39,,,,,,0.5,244.4,12000.0,96.4,27.5,472.0,0.0,1.0,1.95,1.663,600.0,10.1016_j.est.2023.107616_extracted_structured,acf-rgo/lcp
190.4,0.19,0.082,165.2,0.025,,1.07,,,2.94,12.79,,0.57,1.0,164.5,10000.0,89.1,,,0.0,1.0,0.767,0.13,800.0,10.1016_j.jallcom.2019.03.241_extracted_structured,csc-0
190.4,0.19,0.082,165.2,0.025,,1.07,,,2.94,12.79,,0.57,,63.2,10000.0,89.1,,,0.0,1.0,0.767,0.13,800.0,10.1016_j.jallcom.2019.03.241_extracted_structured,csc-0
567.1,0.3,0.15,369.1,0.15,,1.04,,,,,,,1.0,255.2,,,,,0.0,1.0,0.782,0.114,750.0,10.1016_j.jallcom.2019.03.241_extracted_structured,csc-750
567.1,0.3,0.15,369.1,0.15,,1.04,,,,,,,,80.4,,,,,0.0,1.0,0.782,0.114,750.0,10.1016_j.jallcom.2019.03.241_extracted_structured,csc-750
691.8,0.37,0.28,553.0,0.09,,1.01,,,3.79,13.35,,0.52,1.0,355.7,20000.0,96.6,26.6,7673.9,0.0,1.0,0.554,0.106,800.0,10.1016_j.jallcom.2019.03.241_extracted_structured,csc-800
691.8,0.37,0.28,553.0,0.09,,1.01,,,3.79,13.35,,0.52,0.5,402.8,20000.0,96.6,26.6,7673.9,0.0,1.0,0.554,0.106,800.0,10.1016_j.jallcom.2019.03.241_extracted_structured,csc-800
691.8,0.37,0.28,553.0,0.09,,1.01,,,3.79,13.35,,0.52,,209.0,20000.0,96.6,26.6,7673.9,0.0,1.0,0.554,0.106,800.0,10.1016_j.jallcom.2019.03.241_extracted_structured,csc-800
691.8,0.37,0.28,553.0,0.09,,1.01,,,3.79,13.35,,0.52,,122.6,20000.0,96.6,26.6,7673.9,0.0,1.0,0.554,0.106,800.0,10.1016_j.jallcom.2019.03.241_extracted_structured,csc-800
590.8,0.32,0.18,437.2,0.14,,0.99,,,,,,,1.0,331.9,,,,,0.0,1.0,0.629,0.109,850.0,10.1016_j.jallcom.2019.03.241_extracted_structured,csc-850
590.8,0.32,0.18,437.2,0.14,,0.99,,,,,,,,122.6,,,,,0.0,1.0,0.629,0.109,850.0,10.1016_j.jallcom.2019.03.241_extracted_structured,csc-850
1290.7,0.675,0.547,272.3,0.128,,0.86,,,,10.17,,,0.5,180.0,,,,,0.0,1.0,,,700.0,10.1016_j.ijoes.2023.100107_extracted_structured,g6
1290.7,0.675,0.547,272.3,0.128,,0.86,,,,10.17,,,,144.0,,,,,0.0,1.0,,,700.0,10.1016_j.ijoes.2023.100107_extracted_structured,g6
2040.2,1.048,0.4,772.3,0.648,,0.91,,,2.32,12.6,,,0.5,312.0,5000.0,91.3,9.75,25.0,0.0,1.0,,,700.0,10.1016_j.ijoes.2023.100107_extracted_structured,g8h1
2040.2,1.048,0.4,772.3,0.648,,0.91,,,2.32,12.6,,,,144.0,5000.0,91.3,9.75,25.0,0.0,1.0,,,700.0,10.1016_j.ijoes.2023.100107_extracted_structured,g8h1
1649.0,0.868,0.4,709.5,0.468,,0.88,,,2.34,8.93,,,0.5,241.0,,,,,0.0,1.0,,,700.0,10.1016_j.ijoes.2023.100107_extracted_structured,g4h1
1649.0,0.868,0.4,709.5,0.468,,0.88,,,2.34,8.93,,,5.0,57.9,,,,,0.0,1.0,,,700.0,10.1016_j.ijoes.2023.100107_extracted_structured,g4h1
580.2,0.3,0.18,450.4,0.12,,1.01,,80.12,5.56,13.94,,0.38,1.0,285.6,,,,,0.0,1.0,0.95,,700.0,10.1016_j.electacta.2019.04.106_extracted_structured,rphpc-700
580.2,0.3,0.18,450.4,0.12,,1.01,,80.12,5.56,13.94,,0.38,,109.4,,,,,0.0,1.0,0.95,,700.0,10.1016_j.electacta.2019.04.106_extracted_structured,rphpc-700
748.6,0.37,0.24,616.3,0.13,,0.97,,82.72,4.05,12.96,,0.27,1.0,361.6,20000.0,94.5,32.2,10700.0,0.0,1.0,0.89,2.9,750.0,10.1016_j.electacta.2019.04.106_extracted_structured,rphpc-750
748.6,0.37,0.24,616.3,0.13,,0.97,,82.72,4.05,12.96,,0.27,,217.0,20000.0,94.5,32.2,10700.0,0.0,1.0,0.89,2.9,750.0,10.1016_j.electacta.2019.04.106_extracted_structured,rphpc-750
622.0,0.31,0.2,499.2,0.11,,0.95,,84.71,3.18,11.9,,0.21,1.0,330.0,,,,,0.0,1.0,0.88,,800.0,10.1016_j.electacta.2019.04.106_extracted_structured,rphpc-800
622.0,0.31,0.2,499.2,0.11,,0.95,,84.71,3.18,11.9,,0.21,,195.0,,,,,0.0,1.0,0.88,,800.0,10.1016_j.electacta.2019.04.106_extracted_structured,rphpc-800
352.1,0.465,0.224,,,1.75,0.91,,,,,,,5.0,75.3,,,,,-1.0,0.0,1.92,0.92,700.0,10.1016_j.indcrop.2022.114802_extracted_structured,scw-700–5
352.1,0.465,0.224,,,1.75,0.91,,,,,,,5.0,121.8,,,,,-1.0,0.0,1.92,0.92,700.0,10.1016_j.indcrop.2022.114802_extracted_structured,scw-700–5
1018.0,0.465,0.224,510.1,,2.59,1.15,,,,,,,5.0,121.8,,,,,-1.0,0.0,0.92,0.17,,10.1016_j.indcrop.2022.114802_extracted_structured,scw-1000–5
1145.1,0.465,0.234,599.1,,1.65,1.13,,,,,,,5.0,127.5,10000.0,,,,-1.0,0.0,,,,10.1016_j.indcrop.2022.114802_extracted_structured,scw-1000–10
241.9,0.098,0.065,168.0,,2.17,1.0,,,,,,,5.0,32.7,,,,,-1.0,0.0,,,,10.1016_j.indcrop.2022.114802_extracted_structured,cw
2532.9,1.35,0.65,1236.1,,2.35,1.04,,94.12,1.12,4.76,,,1.0,249.0,10000.0,94.0,,,0.0,1.0,0.66,0.92,700.0,10.1016_j.apsusc.2021.150692_extracted_structured,clhpg-700
2751.0,1.26,0.81,1733.1,,2.24,0.93,,,,,,,1.0,320.0,10000.0,95.0,,,0.0,1.0,0.6,0.38,800.0,10.1016_j.apsusc.2021.150692_extracted_structured,clhpg-800
51.54,0.04,0.02,,0.02,,0.7,,,,,,,0.1,178.54,,,,,-1.0,0.0,,,700.0,10.1016_j.est.2019.100958_extracted_structured,argan-c
51.54,0.04,0.02,,0.02,,0.7,,,,,,,2.0,126.72,,,,,-1.0,0.0,,,700.0,10.1016_j.est.2019.100958_extracted_structured,argan-c
2251.04,1.04,0.8,0.93,0.24,,0.83,,,,,,,0.1,178.54,2000.0,95.0,65.23,2000.0,-1.0,0.0,,,850.0,10.1016_j.est.2019.100958_extracted_structured,ac-k-pm
2251.04,1.04,0.8,0.93,0.24,,0.83,,,,,,,2.0,126.72,2000.0,95.0,65.23,2000.0,-1.0,0.0,,,850.0,10.1016_j.est.2019.100958_extracted_structured,ac-k-pm
726.0,0.35,0.22,157.0,0.13,3.62,0.98,,,,,,,1.0,180.0,1000.0,93.0,,,0.2,1.2,1.0,1.8,800.0,10.1016_j.jelechem.2022.116645_extracted_structured,arpp
726.0,0.35,0.22,157.0,0.13,3.62,0.98,,,,,,,5.0,26.0,1000.0,93.0,,,0.2,1.2,1.0,1.8,800.0,10.1016_j.jelechem.2022.116645_extracted_structured,arpp
588.0,0.29,0.18,113.0,0.11,4.63,0.91,,,,,,,1.0,175.0,1000.0,84.0,,,0.2,1.2,1.2,2.0,800.0,10.1016_j.jelechem.2022.116645_extracted_structured,aupp
588.0,0.29,0.18,113.0,0.11,4.63,0.91,,,,,,,5.0,15.0,1000.0,84.0,,,0.2,1.2,1.2,2.0,800.0,10.1016_j.jelechem.2022.116645_extracted_structured,aupp
2010.097,1.512,0.055,,,3.008,1.062,0.4,,,,,,1.0,333.0,10000.0,92.3,26.2,790.0,0.0,1.0,,,800.0,10.1016_j.jcis.2018.12.029_extracted_structured,bdpc-2
938.7,0.479,0.413,,0.067,2.42,1.14,,90.04,,5.28,,2.26,0.5,496.0,2000.0,90.13,42.02,500.95,-1.0,0.0,,,900.0,10.1016_j.matchemphys.2024.129653_extracted_structured,bcf-t
321.0,0.156,0.138,,0.018,2.42,1.1,,80.21,,11.87,,2.3,0.5,344.0,,,,,-1.0,0.0,,,900.0,10.1016_j.matchemphys.2024.129653_extracted_structured,bcf-2t
316.7,0.186,0.106,,0.08,2.42,1.16,,,,2.19,,2.19,0.5,390.0,,,,,-1.0,0.0,,,900.0,10.1016_j.matchemphys.2024.129653_extracted_structured,bcf-3t
717.0,0.38,0.31,633.0,0.07,,1.02,,87.61,4.59,6.9,,0.49,1.0,231.0,,,,,-1.0,0.0,0.6,1.3,700.0,10.1016_j.est.2022.106594_extracted_structured,s-60-c
717.0,0.38,0.31,633.0,0.07,,1.02,,87.61,4.59,6.9,,0.49,4.0,203.0,,,,,-1.0,0.0,0.6,1.3,700.0,10.1016_j.est.2022.106594_extracted_structured,s-60-c
717.0,0.38,0.31,633.0,0.07,,1.02,,87.61,4.59,6.9,,0.49,10.0,179.0,,,,,-1.0,0.0,0.6,1.3,700.0,10.1016_j.est.2022.106594_extracted_structured,s-60-c
1300.0,0.68,0.54,1134.0,0.14,,1.03,,88.87,4.46,6.02,,0.36,1.0,256.0,,,,,-1.0,0.0,,,700.0,10.1016_j.est.2022.106594_extracted_structured,s-80-c
1300.0,0.68,0.54,1134.0,0.14,,1.03,,88.87,4.46,6.02,,0.36,4.0,234.0,,,,,-1.0,0.0,,,700.0,10.1016_j.est.2022.106594_extracted_structured,s-80-c
1300.0,0.68,0.54,1134.0,0.14,,1.03,,88.87,4.46,6.02,,0.36,10.0,208.0,,,,,-1.0,0.0,,,700.0,10.1016_j.est.2022.106594_extracted_structured,s-80-c
1563.0,0.8,0.66,1357.0,0.14,,1.04,,89.46,4.31,5.71,,0.3,1.0,277.0,,,,,-1.0,0.0,,,700.0,10.1016_j.est.2022.106594_extracted_structured,s-120-c
1563.0,0.8,0.66,1357.0,0.14,,1.04,,89.46,4.31,5.71,,0.3,4.0,255.0,,,,,-1.0,0.0,,,700.0,10.1016_j.est.2022.106594_extracted_structured,s-120-c
1563.0,0.8,0.66,1357.0,0.14,,1.04,,89.46,4.31,5.71,,0.3,10.0,233.0,,,,,-1.0,0.0,,,700.0,10.1016_j.est.2022.106594_extracted_structured,s-120-c
1903.0,1.01,0.49,946.0,0.52,2.12,0.95,,94.28,0.17,5.55,,,1.0,346.0,10000.0,93.6,15.44,402.78,-1.0,0.0,0.49,0.08,800.0,10.1016_j.est.2020.101494_extracted_structured,jc-k4
1903.0,1.01,0.49,946.0,0.52,2.12,0.95,,94.28,0.17,5.55,,,2.0,292.0,10000.0,93.6,15.44,402.78,-1.0,0.0,0.49,0.08,800.0,10.1016_j.est.2020.101494_extracted_structured,jc-k4
1903.0,1.01,0.49,946.0,0.52,2.12,0.95,,94.28,0.17,5.55,,,3.0,276.0,10000.0,93.6,15.44,402.78,-1.0,0.0,0.49,0.08,800.0,10.1016_j.est.2020.101494_extracted_structured,jc-k4
1903.0,1.01,0.49,946.0,0.52,2.12,0.95,,94.28,0.17,5.55,,,4.0,260.0,10000.0,93.6,15.44,402.78,-1.0,0.0,0.49,0.08,800.0,10.1016_j.est.2020.101494_extracted_structured,jc-k4
1903.0,1.01,0.49,946.0,0.52,2.12,0.95,,94.28,0.17,5.55,,,5.0,255.0,10000.0,93.6,15.44,402.78,-1.0,0.0,0.49,0.08,800.0,10.1016_j.est.2020.101494_extracted_structured,jc-k4
2056.75,1.52,0.59,1180.0,0.93,2.03,0.94,,85.0,5.0,10.0,,,2.0,374.0,,,,,0.0,-1.0,0.8,0.8,,10.1016_j.est.2025.115510_extracted_structured,ma-cssm
1700.0,0.275,0.227,,0.048,,0.98,,,,,5.81,,1.0,118.0,,,,,-0.1,0.9,,,700.0,10.1016_j.arabjc.2018.08.009_extracted_structured,pfc-700
1700.0,0.275,0.227,,0.048,,0.98,,,,,5.81,,2.0,109.5,,,,,-0.1,0.9,,,700.0,10.1016_j.arabjc.2018.08.009_extracted_structured,pfc-700
1700.0,0.275,0.227,,0.048,,0.98,,,,,5.81,,4.0,101.7,,,,,-0.1,0.9,,,700.0,10.1016_j.arabjc.2018.08.009_extracted_structured,pfc-700
1700.0,0.275,0.227,,0.048,,0.98,,,,,5.81,,8.0,93.6,,,,,-0.1,0.9,,,700.0,10.1016_j.arabjc.2018.08.009_extracted_structured,pfc-700
1700.0,0.275,0.227,,0.048,,0.98,,,,,5.81,,12.0,44.9,,,,,-0.1,0.9,,,700.0,10.1016_j.arabjc.2018.08.009_extracted_structured,pfc-700
141.5,0.08,0.06,94.8,0.02,2.26,1.14,,65.24,4.38,22.87,1.03,0.21,0.5,121.3,5000.0,95.1,,,-1.0,0.0,1.65,0.16,,10.1016_j.jcis.2023.02.024_extracted_structured,ccn
343.2,0.23,0.16,220.4,0.07,2.68,0.93,,,1.59,,0.72,1.29,0.5,240.1,5000.0,94.8,,,-1.0,0.0,1.42,0.12,900.0,10.1016_j.jcis.2023.02.024_extracted_structured,iccn-20
514.1,0.37,0.22,309.4,0.15,2.88,0.83,,60.41,2.42,26.97,0.69,3.12,0.5,272.5,5000.0,90.7,,,-1.0,0.0,1.45,0.09,900.0,10.1016_j.jcis.2023.02.024_extracted_structured,iccn-5
2398.0,1.02,0.45,808.0,0.57,5.3,1.01,,,5.21,,,1.67,1.0,265.0,5000.0,87.0,19.89,12500.0,0.0,0.8,1.2,0.6,900.0,10.1016_j.nanoso.2024.101355_extracted_structured,oc-900
2398.0,1.02,0.45,808.0,0.57,5.3,1.01,,,5.21,,,1.67,2.0,218.0,5000.0,87.0,19.89,12500.0,0.0,0.8,1.2,0.6,900.0,10.1016_j.nanoso.2024.101355_extracted_structured,oc-900
2398.0,1.02,0.45,808.0,0.57,5.3,1.01,,,5.21,,,1.67,3.0,199.0,5000.0,87.0,19.89,12500.0,0.0,0.8,1.2,0.6,900.0,10.1016_j.nanoso.2024.101355_extracted_structured,oc-900
2398.0,1.02,0.45,808.0,0.57,5.3,1.01,,,5.21,,,1.67,5.0,181.0,5000.0,87.0,19.89,12500.0,0.0,0.8,1.2,0.6,900.0,10.1016_j.nanoso.2024.101355_extracted_structured,oc-900
2398.0,1.02,0.45,808.0,0.57,5.3,1.01,,,5.21,,,1.67,7.0,166.0,5000.0,87.0,19.89,12500.0,0.0,0.8,1.2,0.6,900.0,10.1016_j.nanoso.2024.101355_extracted_structured,oc-900
2398.0,1.02,0.45,808.0,0.57,5.3,1.01,,,5.21,,,1.67,10.0,150.0,5000.0,87.0,19.89,12500.0,0.0,0.8,1.2,0.6,900.0,10.1016_j.nanoso.2024.101355_extracted_structured,oc-900
769.3,0.42,0.25,59.5,0.17,,0.93,0.389,92.6,1.0,6.4,,,0.5,266.0,,,,,-1.0,0.0,,,600.0,10.1016_j.electacta.2015.04.082_extracted_structured,bpc-600
1212.3,0.81,0.19,23.5,0.62,3.8,0.91,0.389,92.6,1.0,6.4,,,0.5,320.0,10000.0,94.0,,,-1.0,0.0,0.83,,700.0,10.1016_j.electacta.2015.04.082_extracted_structured,bpc-700
1212.3,0.81,0.19,23.5,0.62,3.8,0.91,0.389,92.6,1.0,6.4,,,,250.0,10000.0,94.0,,,-1.0,0.0,0.83,,700.0,10.1016_j.electacta.2015.04.082_extracted_structured,bpc-700
1538.0,0.9,0.36,40.0,0.54,3.82,0.87,0.389,92.6,1.0,6.4,,,0.5,221.0,,,,,-1.0,0.0,,,800.0,10.1016_j.electacta.2015.04.082_extracted_structured,bpc-800
366.0,0.2,0.16,310.0,0.04,,0.924,,82.8,2.9,14.3,,,1.0,189.0,,,,,0.1,-0.9,,,800.0,10.1016_j.electacta.2017.07.125_extracted_structured,nc-800
366.0,0.2,0.16,310.0,0.04,,0.924,,82.8,2.9,14.3,,,,89.0,,,,,0.1,-0.9,,,800.0,10.1016_j.electacta.2017.07.125_extracted_structured,nc-800
217.0,0.32,0.05,97.0,0.27,,0.874,,85.5,2.5,10.5,,,1.0,125.0,,,,,0.1,-0.9,,,800.0,10.1016_j.electacta.2017.07.125_extracted_structured,feco@nc-800
217.0,0.32,0.05,97.0,0.27,,0.874,,85.5,2.5,10.5,,,,68.0,,,,,0.1,-0.9,,,800.0,10.1016_j.electacta.2017.07.125_extracted_structured,feco@nc-800
1109.0,0.53,0.16,,0.18,,0.84,0.375,,,,,,0.05,170.0,200.0,95.0,,,0.01,3.0,,,900.0,10.1016_j.apsusc.2023.158875_extracted_structured,stc-1
1253.0,0.88,0.22,,0.36,,0.84,0.367,,,,,,0.05,270.0,300.0,86.7,,,0.01,3.0,,,900.0,10.1016_j.apsusc.2023.158875_extracted_structured,stc-2
1253.0,0.88,0.22,,0.36,,0.84,0.367,,,,,,1.0,133.0,300.0,86.7,,,0.01,3.0,,,900.0,10.1016_j.apsusc.2023.158875_extracted_structured,stc-2
1577.0,1.32,0.14,,1.0,,0.84,0.357,,,,,,0.05,160.0,300.0,71.6,,,0.01,3.0,,,900.0,10.1016_j.apsusc.2023.158875_extracted_structured,stc-5
1577.0,1.32,0.14,,1.0,,0.84,0.357,,,,,,1.0,103.0,300.0,71.6,,,0.01,3.0,,,900.0,10.1016_j.apsusc.2023.158875_extracted_structured,stc-5
499.21,0.46,0.16,,,,0.81,,,,,,,1.0,325.2,,,,,0.0,0.4,1.42,1.1,,10.1016_j.crcon.2023.07.001_extracted_structured,gds-30
1063.0,0.46,0.39,1002.0,0.07,,0.99,,85.0,5.0,10.0,,,0.5,202.0,5000.0,78.4,,,-1.0,0.0,0.49,0.14,,10.1016_j.renene.2019.11.150_extracted_structured,bhpc-1
772.0,0.66,0.25,631.0,0.41,,0.98,,85.0,5.0,10.0,,,0.5,226.2,5000.0,78.4,,,-1.0,0.0,0.46,0.13,,10.1016_j.renene.2019.11.150_extracted_structured,bhpc-3
764.0,0.64,0.26,629.0,0.38,,0.97,,85.0,5.0,10.0,,,0.5,195.4,,,,,-1.0,0.0,0.44,0.17,,10.1016_j.renene.2019.11.150_extracted_structured,bhpc-7
215.777,0.299,0.154,743.523,,,0.8459,,,,,,,2.0,529.0,300.0,100.0,,,-0.7,0.4,,,800.0,10.1016_j.diamond.2025.112243_extracted_structured,activated carbon from coconut shells
1158.69,0.597,0.373,696.85,0.224,2.06,1.39,,86.03,5.7,7.09,,0.76,1.0,277.4,10000.0,90.0,22.07,980.0,-1.0,0.0,,,850.0,10.1016_j.biombioe.2021.106301_extracted_structured,"n,fe33.3%,s100%-pc"
1158.69,0.597,0.373,696.85,0.224,2.06,1.39,,86.03,5.7,7.09,,0.76,2.0,213.4,10000.0,90.0,22.07,980.0,-1.0,0.0,,,850.0,10.1016_j.biombioe.2021.106301_extracted_structured,"n,fe33.3%,s100%-pc"
1158.69,0.597,0.373,696.85,0.224,2.06,1.39,,86.03,5.7,7.09,,0.76,3.0,186.8,10000.0,90.0,22.07,980.0,-1.0,0.0,,,850.0,10.1016_j.biombioe.2021.106301_extracted_structured,"n,fe33.3%,s100%-pc"
1158.69,0.597,0.373,696.85,0.224,2.06,1.39,,86.03,5.7,7.09,,0.76,5.0,151.8,10000.0,90.0,22.07,980.0,-1.0,0.0,,,850.0,10.1016_j.biombioe.2021.106301_extracted_structured,"n,fe33.3%,s100%-pc"
78.0,0.05,0.03,,,,0.83,,87.5,,9.2,,3.2,1.0,124.0,,,,,0.0,0.6,,,700.0,10.1016_j.matchemphys.2018.06.008_extracted_structured,sc-700
660.0,0.25,0.19,,,,0.89,,90.5,,6.9,,2.6,1.0,202.0,10000.0,99.0,,,0.0,0.6,5.7,0.7,850.0,10.1016_j.matchemphys.2018.06.008_extracted_structured,sc-850
660.0,0.25,0.19,,,,0.89,,90.5,,6.9,,2.6,0.5,225.0,10000.0,99.0,,,0.0,0.6,5.7,0.7,850.0,10.1016_j.matchemphys.2018.06.008_extracted_structured,sc-850
260.0,0.12,0.08,,,,0.97,,91.1,,6.4,,2.5,1.0,146.0,,,,,0.0,0.6,,,,10.1016_j.matchemphys.2018.06.008_extracted_structured,sc-1000
2201.0,1.23,0.4,,,2.74,0.68,,94.35,1.3,4.35,,,0.5,54.0,5000.0,100.0,20.8,5000.0,-0.8,0.0,,,900.0,10.1016_j.jclepro.2020.125385_extracted_structured,pts-900-3-20
2201.0,1.23,0.4,,,2.74,0.68,,94.35,1.3,4.35,,,,36.0,5000.0,100.0,20.8,5000.0,-0.8,0.0,,,900.0,10.1016_j.jclepro.2020.125385_extracted_structured,pts-900-3-20
2201.0,1.23,0.4,,,2.74,0.68,,94.35,1.3,4.35,,,0.5,34.0,5000.0,100.0,20.8,5000.0,-0.8,0.0,,,900.0,10.1016_j.jclepro.2020.125385_extracted_structured,pts-900-3-20
2201.0,1.23,0.4,,,2.74,0.68,,94.35,1.3,4.35,,,,27.7,5000.0,100.0,20.8,5000.0,-0.8,0.0,,,900.0,10.1016_j.jclepro.2020.125385_extracted_structured,pts-900-3-20
318.0,0.18,0.11,294.0,0.07,0.89,0.89,0.36,76.0,,8.9,,,1.0,145.0,,,,,0.0,1.0,4.32,3.12,700.0,10.1016_j.est.2022.104048_extracted_structured,bgp700
1377.0,0.8,0.64,,0.16,2.31,1.019,,85.0,5.0,10.0,,,0.5,199.0,,,,,1.0,2.0,,,800.0,10.1016_j.jelechem.2023.117992_extracted_structured,asc-2
1818.0,1.05,0.83,,0.22,2.3,1.034,,85.0,5.0,10.0,,,0.5,96.7,,,,,1.0,2.0,,,800.0,10.1016_j.jelechem.2023.117992_extracted_structured,asc-4
1740.8,0.892,0.532,1341.5,0.07045,1.897,1.05,,85.0,5.0,10.0,,,0.5,392.0,,,,,0.19,-0.8,0.53,0.15,,10.1016_j.jaap.2025.107095_extracted_structured,gb21
1740.8,0.892,0.532,1341.5,0.07045,1.897,1.05,,85.0,5.0,10.0,,,,300.0,,,,,0.19,-0.8,0.53,0.15,,10.1016_j.jaap.2025.107095_extracted_structured,gb21
1574.1,0.876,0.51,1324.8,0.07006,2.225,0.991,,85.0,5.0,10.0,,,0.5,392.0,,,,,0.19,-0.8,,,,10.1016_j.jaap.2025.107095_extracted_structured,gb11
1574.1,0.876,0.51,1324.8,0.07006,2.225,0.991,,85.0,5.0,10.0,,,,300.0,,,,,0.19,-0.8,,,,10.1016_j.jaap.2025.107095_extracted_structured,gb11
927.5,0.406,0.322,849.3,0.00936,1.751,1.062,,85.0,5.0,10.0,,,,300.0,,,,,0.19,-0.8,,,,10.1016_j.jaap.2025.107095_extracted_structured,gb12–200
1545.8,0.8,0.499,1302.6,0.10552,2.072,1.017,,85.0,5.0,10.0,,,0.5,387.0,10000.0,92.52,8.82,254.0,0.19,-0.8,0.53,0.15,,10.1016_j.jaap.2025.107095_extracted_structured,gb12
1545.8,0.8,0.499,1302.6,0.10552,2.072,1.017,,85.0,5.0,10.0,,,,300.0,10000.0,92.52,8.82,254.0,0.19,-0.8,0.53,0.15,,10.1016_j.jaap.2025.107095_extracted_structured,gb12
1195.3,0.557,0.387,1006.1,0.05136,1.864,1.033,,85.0,5.0,10.0,,,0.5,392.0,,,,,0.19,-0.8,,,,10.1016_j.jaap.2025.107095_extracted_structured,gb13
1195.3,0.557,0.387,1006.1,0.05136,1.864,1.033,,85.0,5.0,10.0,,,,300.0,,,,,0.19,-0.8,,,,10.1016_j.jaap.2025.107095_extracted_structured,gb13
1251.0,0.756,0.585,,0.171,,1.21,,,,,,,0.5,343.0,10000.0,91.7,,,-1.0,0.0,,,700.0,10.1016_j.jpowsour.2024.234147_extracted_structured,vsc-700
1251.0,0.756,0.585,,0.171,,1.21,,,,,,,,245.0,10000.0,91.7,,,-1.0,0.0,,,700.0,10.1016_j.jpowsour.2024.234147_extracted_structured,vsc-700
2055.0,1.262,1.04,,0.347,,1.24,,,,,,,0.5,438.0,10000.0,97.8,,,-1.0,0.0,0.51,0.06,800.0,10.1016_j.jpowsour.2024.234147_extracted_structured,vsc-800
2055.0,1.262,1.04,,0.347,,1.24,,,,,,,,350.0,10000.0,97.8,,,-1.0,0.0,0.51,0.06,800.0,10.1016_j.jpowsour.2024.234147_extracted_structured,vsc-800
1359.0,0.899,0.623,,0.27,,1.26,,,,,,,0.5,287.0,10000.0,93.3,,,-1.0,0.0,,,900.0,10.1016_j.jpowsour.2024.234147_extracted_structured,vsc-900
1359.0,0.899,0.623,,0.27,,1.26,,,,,,,,215.0,10000.0,93.3,,,-1.0,0.0,,,900.0,10.1016_j.jpowsour.2024.234147_extracted_structured,vsc-900
969.0,0.481,0.336,,0.145,2.13,0.68,,82.24,2.4,12.48,2.64,0.24,0.5,175.0,10000.0,90.0,,,0.0,0.8,1.36,,600.0,10.1016_j.diamond.2023.110212_extracted_structured,ac600
969.0,0.481,0.336,,0.145,2.13,0.68,,82.24,2.4,12.48,2.64,0.24,10.0,131.0,10000.0,90.0,,,0.0,0.8,1.36,,600.0,10.1016_j.diamond.2023.110212_extracted_structured,ac600
867.0,0.429,0.295,,0.134,2.14,0.83,,81.76,2.15,13.64,2.17,0.28,0.5,160.0,10000.0,93.0,,,0.0,0.8,4.71,,700.0,10.1016_j.diamond.2023.110212_extracted_structured,ac700
867.0,0.429,0.295,,0.134,2.14,0.83,,81.76,2.15,13.64,2.17,0.28,10.0,131.0,10000.0,93.0,,,0.0,0.8,4.71,,700.0,10.1016_j.diamond.2023.110212_extracted_structured,ac700
745.0,0.375,0.266,,0.109,2.13,0.86,,84.62,1.92,11.22,1.8,0.44,0.5,131.0,10000.0,98.0,,,0.0,0.8,0.96,,800.0,10.1016_j.diamond.2023.110212_extracted_structured,ac800
745.0,0.375,0.266,,0.109,2.13,0.86,,84.62,1.92,11.22,1.8,0.44,10.0,131.0,10000.0,98.0,,,0.0,0.8,0.96,,800.0,10.1016_j.diamond.2023.110212_extracted_structured,ac800
1534.06,1.29,0.31,582.76,0.98,3.36,0.74,,70.43,0.17,26.33,2.87,0.21,5.0,107.0,,,,,-0.8,0.4,,,550.0,10.1016_j.indcrop.2018.08.082_extracted_structured,euoac3
1534.06,1.29,0.31,582.76,0.98,3.36,0.74,,70.43,0.17,26.33,2.87,0.21,2.0,69.0,,,,,-0.8,0.4,,,550.0,10.1016_j.indcrop.2018.08.082_extracted_structured,euoac3
551.93,0.321,0.122,294.64,0.199,,0.659,,68.45,0.29,28.699,2.296,0.265,0.2,354.0,,,,,-0.8,0.4,,,,10.1016_j.renene.2021.05.113_extracted_structured,lwac300
551.93,0.321,0.122,294.64,0.199,,0.659,,68.45,0.29,28.699,2.296,0.265,0.5,307.0,,,,,-0.8,0.4,,,,10.1016_j.renene.2021.05.113_extracted_structured,lwac300
551.93,0.321,0.122,294.64,0.199,,0.659,,68.45,0.29,28.699,2.296,0.265,0.8,277.0,,,,,-0.8,0.4,,,,10.1016_j.renene.2021.05.113_extracted_structured,lwac300
551.93,0.321,0.122,294.64,0.199,,0.659,,68.45,0.29,28.699,2.296,0.265,1.2,254.0,,,,,-0.8,0.4,,,,10.1016_j.renene.2021.05.113_extracted_structured,lwac300
551.93,0.321,0.122,294.64,0.199,,0.659,,68.45,0.29,28.699,2.296,0.265,2.0,122.0,,,,,-0.8,0.4,,,,10.1016_j.renene.2021.05.113_extracted_structured,lwac300
1609.09,1.467,0.035,463.59,,,0.876,,80.22,0.29,16.935,2.339,0.216,0.2,343.0,,,,,-0.8,0.4,,,,10.1016_j.renene.2021.05.113_extracted_structured,lwac400
1609.09,1.467,0.035,463.59,,,0.876,,80.22,0.29,16.935,2.339,0.216,2.0,215.0,,,,,-0.8,0.4,,,,10.1016_j.renene.2021.05.113_extracted_structured,lwac400
1563.9,1.364,0.028,473.68,,,1.115,,84.9,0.34,12.043,2.495,0.222,0.2,344.0,,,,,-0.8,0.4,,,,10.1016_j.renene.2021.05.113_extracted_structured,lwac500
1419.46,1.296,0.064,497.08,1.232,,1.0,,80.79,0.157,17.818,1.022,0.113,0.2,354.0,10000.0,95.3,,,-0.8,0.4,,,600.0,10.1016_j.renene.2021.05.113_extracted_structured,lwac600
1419.46,1.296,0.064,497.08,1.232,,1.0,,80.79,0.157,17.818,1.022,0.113,0.5,307.0,10000.0,95.3,,,-0.8,0.4,,,600.0,10.1016_j.renene.2021.05.113_extracted_structured,lwac600
1419.46,1.296,0.064,497.08,1.232,,1.0,,80.79,0.157,17.818,1.022,0.113,0.8,277.0,10000.0,95.3,,,-0.8,0.4,,,600.0,10.1016_j.renene.2021.05.113_extracted_structured,lwac600
1419.46,1.296,0.064,497.08,1.232,,1.0,,80.79,0.157,17.818,1.022,0.113,1.2,254.0,10000.0,95.3,,,-0.8,0.4,,,600.0,10.1016_j.renene.2021.05.113_extracted_structured,lwac600
1419.46,1.296,0.064,497.08,1.232,,1.0,,80.79,0.157,17.818,1.022,0.113,2.0,122.0,10000.0,95.3,,,-0.8,0.4,,,600.0,10.1016_j.renene.2021.05.113_extracted_structured,lwac600
508.9,0.5453,0.0134,0.0134,0.5319,4.35,1.02,0.249,,,,,,1.0,208.0,20000.0,100.0,6.89,5272.23,0.0,2.8,0.4892,,550.0,10.1016_j.fuel.2023.128039_extracted_structured,zmb
508.94,0.6172,0.0132,0.0132,0.594,4.9,1.02,0.249,,,,,,1.0,196.0,20000.0,100.0,6.13,5407.61,0.0,2.8,0.4991,,550.0,10.1016_j.fuel.2023.128039_extracted_structured,zcmb
140.0,0.16,0.034,34.0,0.126,1.56,1.03,,96.0,,4.0,,,3.0,21.0,,,0.63,252.0,0.0,1.0,,,800.0,10.1016_j.jiec.2018.07.052_extracted_structured,c800
140.0,0.16,0.034,34.0,0.126,1.56,1.03,,96.0,,4.0,,,0.5,5.6,,,0.63,252.0,0.0,1.0,,,800.0,10.1016_j.jiec.2018.07.052_extracted_structured,c800
389.0,0.4,0.141,95.0,0.259,1.95,1.07,,96.0,,4.0,,,3.0,42.0,1000.0,97.0,6.5,450.0,0.0,1.0,,10.0,,10.1016_j.jiec.2018.07.052_extracted_structured,c1000
389.0,0.4,0.141,95.0,0.259,1.95,1.07,,96.0,,4.0,,,0.2,143.0,1000.0,97.0,6.5,450.0,0.0,1.0,,10.0,,10.1016_j.jiec.2018.07.052_extracted_structured,c1000
389.0,0.4,0.141,95.0,0.259,1.95,1.07,,96.0,,4.0,,,0.5,38.0,1000.0,97.0,6.5,450.0,0.0,1.0,,10.0,,10.1016_j.jiec.2018.07.052_extracted_structured,c1000
389.0,0.4,0.141,95.0,0.259,1.95,1.07,,96.0,,4.0,,,0.025,58.0,1000.0,97.0,6.5,450.0,0.0,1.0,,10.0,,10.1016_j.jiec.2018.07.052_extracted_structured,c1000
555.8,0.282,0.159,,0.123,2.03,1.068,,,,,,,0.2,229.42,,,,,-1.0,0.0,,,,10.1016_j.biortech.2024.130573_extracted_structured,co/p
366.1,0.275,0.101,,0.174,3.002,1.069,,,,,,,0.2,453.72,5000.0,,21.3,500.0,-1.0,0.0,1.35,,,10.1016_j.biortech.2024.130573_extracted_structured,cnt@co/p-20
366.1,0.275,0.101,,0.174,3.002,1.069,,,,,,,0.2,453.7,5000.0,,21.3,500.0,-1.0,0.0,1.35,,,10.1016_j.biortech.2024.130573_extracted_structured,cnt@co/p-20
363.0,0.178,0.176,343.0,0.002,1.96,1.08,0.36,79.66,7.24,9.78,3.32,,0.2,156.2,,,,,-1.0,0.0,,,700.0,10.1016_j.jaap.2022.105710_extracted_structured,ps-n-700
525.0,0.259,0.251,488.0,0.008,1.98,1.32,0.358,79.44,7.72,9.93,2.91,,0.2,156.2,,,,,-1.0,0.0,,,700.0,10.1016_j.jaap.2022.105710_extracted_structured,ps-na-700
1185.0,0.562,0.416,902.0,,3.27,1.042,,,,,,,1.0,303.0,5000.0,99.0,17.75,436.0,-1.0,0.0,0.02,0.17,800.0,10.1016_j.matchemphys.2019.121956_extracted_structured,wsc1
1185.0,0.562,0.416,902.0,,3.27,1.042,,,,,,,,259.0,5000.0,99.0,17.75,436.0,-1.0,0.0,0.02,0.17,800.0,10.1016_j.matchemphys.2019.121956_extracted_structured,wsc1
1185.0,0.562,0.416,902.0,,3.27,1.042,,,,,,,1.0,244.0,5000.0,99.0,17.75,436.0,-1.0,0.0,0.02,0.17,800.0,10.1016_j.matchemphys.2019.121956_extracted_structured,wsc1
1038.0,0.521,0.406,875.0,,4.17,1.059,,,,,,,1.0,263.0,,,,,-1.0,0.0,0.07,0.65,800.0,10.1016_j.matchemphys.2019.121956_extracted_structured,wsc2
1038.0,0.521,0.406,875.0,,4.17,1.059,,,,,,,,228.0,,,,,-1.0,0.0,0.07,0.65,800.0,10.1016_j.matchemphys.2019.121956_extracted_structured,wsc2
2936.76,1.53,0.66,1456.85,0.87,2.36,0.9933,,,,,,,1.0,339.0,10000.0,80.0,39.1,,-1.0,0.0,2.576,1.526,800.0,10.1016_j.est.2020.102180_extracted_structured,koh-ac
2936.76,1.53,0.66,1456.85,0.87,2.36,0.9933,,,,,,,10.0,286.0,10000.0,80.0,39.1,,-1.0,0.0,2.576,1.526,800.0,10.1016_j.est.2020.102180_extracted_structured,koh-ac
2936.76,1.53,0.66,1456.85,0.87,2.36,0.9933,,,,,,,0.1,440.0,10000.0,80.0,39.1,,-1.0,0.0,2.576,1.526,800.0,10.1016_j.est.2020.102180_extracted_structured,koh-ac
2936.76,1.53,0.66,1456.85,0.87,2.36,0.9933,,,,,,,1.0,282.0,10000.0,80.0,39.1,,-1.0,0.0,2.576,1.526,800.0,10.1016_j.est.2020.102180_extracted_structured,koh-ac
2936.76,1.53,0.66,1456.85,0.87,2.36,0.9933,,,,,,,10.0,232.0,10000.0,80.0,39.1,,-1.0,0.0,2.576,1.526,800.0,10.1016_j.est.2020.102180_extracted_structured,koh-ac
2936.76,1.53,0.66,1456.85,0.87,2.36,0.9933,,,,,,,0.1,295.0,10000.0,80.0,39.1,,-1.0,0.0,2.576,1.526,800.0,10.1016_j.est.2020.102180_extracted_structured,koh-ac
240.7,0.112,0.077,179.6,0.035,,0.86,,,,,,,1.0,240.7,,,,,0.0,1.0,,,800.0,10.1016_j.renene.2022.08.115_extracted_structured,fp-0-800-2
2149.5,0.881,0.758,1938.0,0.123,,0.97,,,,,,,0.5,300.0,10000.0,98.2,,,0.0,1.0,0.54,0.06,800.0,10.1016_j.renene.2022.08.115_extracted_structured,fp-2-800-2
2149.5,0.881,0.758,1938.0,0.123,,0.97,,,,,,,1.0,268.9,10000.0,98.2,,,0.0,1.0,0.54,0.06,800.0,10.1016_j.renene.2022.08.115_extracted_structured,fp-2-800-2
2149.5,0.881,0.758,1938.0,0.123,,0.97,,,,,,,1.0,269.0,10000.0,98.2,,,0.0,1.0,0.54,0.06,800.0,10.1016_j.renene.2022.08.115_extracted_structured,fp-2-800-2
2149.5,0.881,0.758,1938.0,0.123,,0.97,,,,,,,2.0,251.0,10000.0,98.2,,,0.0,1.0,0.54,0.06,800.0,10.1016_j.renene.2022.08.115_extracted_structured,fp-2-800-2
2149.5,0.881,0.758,1938.0,0.123,,0.97,,,,,,,5.0,236.0,10000.0,98.2,,,0.0,1.0,0.54,0.06,800.0,10.1016_j.renene.2022.08.115_extracted_structured,fp-2-800-2
2149.5,0.881,0.758,1938.0,0.123,,0.97,,,,,,,10.0,223.0,10000.0,98.2,,,0.0,1.0,0.54,0.06,800.0,10.1016_j.renene.2022.08.115_extracted_structured,fp-2-800-2
2149.5,0.881,0.758,1938.0,0.123,,0.97,,,,,,,15.0,210.0,10000.0,98.2,,,0.0,1.0,0.54,0.06,800.0,10.1016_j.renene.2022.08.115_extracted_structured,fp-2-800-2
2149.5,0.881,0.758,1938.0,0.123,,0.97,,,,,,,,206.0,10000.0,98.2,,,0.0,1.0,0.54,0.06,800.0,10.1016_j.renene.2022.08.115_extracted_structured,fp-2-800-2
2149.5,0.881,0.758,1938.0,0.123,,0.97,,,,,,,0.5,137.85,10000.0,98.2,,,0.0,1.0,0.54,0.06,800.0,10.1016_j.renene.2022.08.115_extracted_structured,fp-2-800-2
2149.5,0.881,0.758,1938.0,0.123,,0.97,,,,,,,,94.0,10000.0,98.2,,,0.0,1.0,0.54,0.06,800.0,10.1016_j.renene.2022.08.115_extracted_structured,fp-2-800-2
2020.4,0.851,0.692,1728.3,0.159,,0.96,,,,,,,0.5,99.5,10000.0,,,,0.0,1.0,0.57,,700.0,10.1016_j.renene.2022.08.115_extracted_structured,fp-2-700-2
1601.8,0.698,0.499,1253.5,0.199,,1.0,,,,,,,0.5,83.0,10000.0,,,,0.0,1.0,0.61,,900.0,10.1016_j.renene.2022.08.115_extracted_structured,fp-2-900-2
546.0,0.26,0.16,,0.1,,0.97,,,,,,,0.5,175.0,,,,,0.0,0.0,0.53,,,10.1016_j.est.2022.106552_extracted_structured,uct
1208.7,0.218,0.11,1209.0,0.108,2.4,1.25,,79.7,4.4,15.9,,,1.0,143.6,5000.0,95.0,,,0.0,1.0,,,700.0,10.1016_j.inoche.2022.109953_extracted_structured,aiac
1208.7,0.218,0.11,1209.0,0.108,2.4,1.25,,79.7,4.4,15.9,,,2.0,122.0,5000.0,95.0,,,0.0,1.0,,,700.0,10.1016_j.inoche.2022.109953_extracted_structured,aiac
1208.7,0.218,0.11,1209.0,0.108,2.4,1.25,,79.7,4.4,15.9,,,3.0,109.8,5000.0,95.0,,,0.0,1.0,,,700.0,10.1016_j.inoche.2022.109953_extracted_structured,aiac
1208.7,0.218,0.11,1209.0,0.108,2.4,1.25,,79.7,4.4,15.9,,,4.0,100.0,5000.0,95.0,,,0.0,1.0,,,700.0,10.1016_j.inoche.2022.109953_extracted_structured,aiac
1208.7,0.218,0.11,1209.0,0.108,2.4,1.25,,79.7,4.4,15.9,,,5.0,83.9,5000.0,95.0,,,0.0,1.0,,,700.0,10.1016_j.inoche.2022.109953_extracted_structured,aiac
1833.83,1.68,0.73,1803.74,0.95,1.67,0.8643,,86.37,2.48,11.15,,,0.5,312.0,,,,,0.0,1.0,,,700.0,10.1016_j.jcis.2019.09.097_extracted_structured,ssc-140-2-0.45
1945.1,0.87,0.69,,0.15,,1.01,,,,,,,10.0,222.7,,,,,-1.0,0.0,0.712,,700.0,10.1016_j.micromeso.2021.111277_extracted_structured,pc
1945.1,0.87,0.69,,0.15,,1.01,,,,,,,1.0,256.0,,,,,-1.0,0.0,0.712,,700.0,10.1016_j.micromeso.2021.111277_extracted_structured,pc
2216.0,1.01,0.47,,,2.13,0.66,0.337,96.4,2.99,0.61,,,0.5,154.0,,,,,-0.8,0.0,,,,10.1016_j.fuel.2021.122410_extracted_structured,gcac
2216.0,1.01,0.47,,,2.13,0.66,0.337,96.4,2.99,0.61,,,,31.5,,,,,-0.8,0.0,,,,10.1016_j.fuel.2021.122410_extracted_structured,gcac
2206.0,1.03,0.48,,,2.24,1.3,,86.61,,1.21,,,0.5,216.0,,,,,-0.8,0.0,,,,10.1016_j.fuel.2021.122410_extracted_structured,hcac
2206.0,1.03,0.48,,,2.24,1.3,,86.61,,1.21,,,,77.9,,,,,-0.8,0.0,,,,10.1016_j.fuel.2021.122410_extracted_structured,hcac
1122.0,0.72,0.45,856.0,,,0.94,,84.8,1.0,14.2,,,1.0,337.0,10000.0,96.0,7.46,5000.0,0.0,1.0,0.72,,750.0,10.1016_j.jpowsour.2018.02.014_extracted_structured,nmcss@rspc-1
1122.0,0.72,0.45,856.0,,,0.94,,84.8,1.0,14.2,,,,280.0,10000.0,96.0,7.46,5000.0,0.0,1.0,0.72,,750.0,10.1016_j.jpowsour.2018.02.014_extracted_structured,nmcss@rspc-1
1122.0,0.72,0.45,856.0,,,0.94,,84.8,1.0,14.2,,,1.0,268.0,10000.0,96.0,7.46,5000.0,0.0,1.0,0.72,,750.0,10.1016_j.jpowsour.2018.02.014_extracted_structured,nmcss@rspc-1
2920.0,1.52,1.17,,0.35,,0.96,,,,,,,0.5,322.0,10000.0,98.0,56.29,43.3,0.0,1.0,,,800.0,10.1016_j.jpowsour.2024.235027_extracted_structured,pnpcn-1.5
2920.0,1.52,1.17,,0.35,,0.96,,,,,,,,262.0,10000.0,98.0,56.29,43.3,0.0,1.0,,,800.0,10.1016_j.jpowsour.2024.235027_extracted_structured,pnpcn-1.5
2797.0,1.41,1.12,,0.29,,0.94,,,,,,,1.0,316.0,,,,,0.0,1.0,,,800.0,10.1016_j.jpowsour.2024.235027_extracted_structured,pnpcn-2
2088.0,1.01,0.84,,0.17,,0.97,,,,,,,1.0,250.0,,,,,0.0,1.0,0.012,,800.0,10.1016_j.jpowsour.2024.235027_extracted_structured,npc
479.0,0.36,0.2,,0.16,,1.02,,,,,,,1.0,194.0,,,,,0.0,1.0,0.012,,800.0,10.1016_j.jpowsour.2024.235027_extracted_structured,pncn
530.0,0.3214,0.1092,,0.1834,,0.88,,,,,,,1.0,112.0,,,,,0.0,1.0,0.49,10.6,,10.1016_j.est.2022.104348_extracted_structured,ouc
530.0,0.3214,0.1092,,0.1834,,0.88,,,,,,,5.0,124.0,,,,,0.0,1.0,0.49,10.6,,10.1016_j.est.2022.104348_extracted_structured,ouc
2340.0,1.178,0.38,,0.7121,,0.91,,,,,,,1.0,445.0,,,,,0.0,1.0,0.47,,700.0,10.1016_j.est.2022.104348_extracted_structured,oacna
2340.0,1.178,0.38,,0.7121,,0.91,,,,,,,5.0,453.0,,,,,0.0,1.0,0.47,,700.0,10.1016_j.est.2022.104348_extracted_structured,oacna
2560.0,1.245,0.4021,,0.7472,,0.95,,,,,,,1.0,452.0,,,,,0.0,1.0,0.48,1.6,700.0,10.1016_j.est.2022.104348_extracted_structured,oack
2560.0,1.245,0.4021,,0.7472,,0.95,,,,,,,5.0,457.0,,,,,0.0,1.0,0.48,1.6,700.0,10.1016_j.est.2022.104348_extracted_structured,oack
1308.0,0.812,0.324,,0.488,,0.66,,89.0,8.0,3.0,,,0.1,320.0,10000.0,95.0,,,0.0,0.8,,0.2,,10.1016_j.apsusc.2020.145895_extracted_structured,ac
1308.0,0.812,0.324,,0.488,,0.66,,89.0,8.0,3.0,,,1.0,250.0,10000.0,95.0,,,0.0,0.8,,0.2,,10.1016_j.apsusc.2020.145895_extracted_structured,ac
1308.0,0.812,0.324,,0.488,,0.66,,89.0,8.0,3.0,,,10.0,180.0,10000.0,95.0,,,0.0,0.8,,0.2,,10.1016_j.apsusc.2020.145895_extracted_structured,ac
923.0,0.516,0.258,,0.258,,0.84,,94.0,4.0,2.0,,,0.1,100.0,10000.0,95.0,,,0.0,0.8,0.093,0.012,800.0,10.1016_j.apsusc.2020.145895_extracted_structured,ac-heat treated
923.0,0.516,0.258,,0.258,,0.84,,94.0,4.0,2.0,,,1.0,80.0,10000.0,95.0,,,0.0,0.8,0.093,0.012,800.0,10.1016_j.apsusc.2020.145895_extracted_structured,ac-heat treated
923.0,0.516,0.258,,0.258,,0.84,,94.0,4.0,2.0,,,10.0,65.0,10000.0,95.0,,,0.0,0.8,0.093,0.012,800.0,10.1016_j.apsusc.2020.145895_extracted_structured,ac-heat treated
2631.0,1.69,0.37,0.37,,2.57,0.84,0.38,92.9,7.1,,,,0.5,245.0,10000.0,98.0,7.9,6.9,0.0,0.8,0.28,,800.0,10.1016_j.jobab.2021.02.002_extracted_structured,acnc-800
2631.0,1.69,0.37,0.37,,2.57,0.84,0.38,92.9,7.1,,,,1.0,230.0,10000.0,98.0,7.9,6.9,0.0,0.8,0.28,,800.0,10.1016_j.jobab.2021.02.002_extracted_structured,acnc-800
2631.0,1.69,0.37,0.37,,2.57,0.84,0.38,92.9,7.1,,,,2.0,212.0,10000.0,98.0,7.9,6.9,0.0,0.8,0.28,,800.0,10.1016_j.jobab.2021.02.002_extracted_structured,acnc-800
2631.0,1.69,0.37,0.37,,2.57,0.84,0.38,92.9,7.1,,,,5.0,210.0,10000.0,98.0,7.9,6.9,0.0,0.8,0.28,,800.0,10.1016_j.jobab.2021.02.002_extracted_structured,acnc-800
2631.0,1.69,0.37,0.37,,2.57,0.84,0.38,92.9,7.1,,,,10.0,202.0,10000.0,98.0,7.9,6.9,0.0,0.8,0.28,,800.0,10.1016_j.jobab.2021.02.002_extracted_structured,acnc-800
3364.1,2.16,0.47,1216.2,,,1.0,,92.93,1.47,5.26,,0.17,1.0,523.0,,,,,0.0,1.0,0.6,,,10.1016_j.jpowsour.2020.228799_extracted_structured,hpcs-2
3364.1,2.16,0.47,1216.2,,,1.0,,92.93,1.47,5.26,,0.17,10.0,280.0,,,,,0.0,1.0,0.6,,,10.1016_j.jpowsour.2020.228799_extracted_structured,hpcs-2
661.3,0.5,0.14,,0.36,,0.75,,,,,,,1.0,312.0,,,,,0.0,0.0,0.52,,,10.1016_j.biombioe.2022.106602_extracted_structured,lpcm-500
661.3,0.5,0.14,,0.36,,0.75,,,,,,,2.0,292.2,,,,,0.0,0.0,0.52,,,10.1016_j.biombioe.2022.106602_extracted_structured,lpcm-500
661.3,0.5,0.14,,0.36,,0.75,,,,,,,4.0,277.2,,,,,0.0,0.0,0.52,,,10.1016_j.biombioe.2022.106602_extracted_structured,lpcm-500
661.3,0.5,0.14,,0.36,,0.75,,,,,,,5.0,274.0,,,,,0.0,0.0,0.52,,,10.1016_j.biombioe.2022.106602_extracted_structured,lpcm-500
661.3,0.5,0.14,,0.36,,0.75,,,,,,,10.0,261.0,,,,,0.0,0.0,0.52,,,10.1016_j.biombioe.2022.106602_extracted_structured,lpcm-500
661.3,0.5,0.14,,0.36,,0.75,,,,,,,,244.0,,,,,0.0,0.0,0.52,,,10.1016_j.biombioe.2022.106602_extracted_structured,lpcm-500
1621.0,0.97,0.35,,0.62,,0.89,,83.39,3.31,13.16,,,0.5,352.0,,98.0,23.82,700.0,0.0,0.0,0.37,,600.0,10.1016_j.biombioe.2022.106602_extracted_structured,lpcm-600
1621.0,0.97,0.35,,0.62,,0.89,,83.39,3.31,13.16,,,1.0,312.0,,98.0,23.82,700.0,0.0,0.0,0.37,,600.0,10.1016_j.biombioe.2022.106602_extracted_structured,lpcm-600
1621.0,0.97,0.35,,0.62,,0.89,,83.39,3.31,13.16,,,2.0,292.2,,98.0,23.82,700.0,0.0,0.0,0.37,,600.0,10.1016_j.biombioe.2022.106602_extracted_structured,lpcm-600
1621.0,0.97,0.35,,0.62,,0.89,,83.39,3.31,13.16,,,4.0,277.2,,98.0,23.82,700.0,0.0,0.0,0.37,,600.0,10.1016_j.biombioe.2022.106602_extracted_structured,lpcm-600
1621.0,0.97,0.35,,0.62,,0.89,,83.39,3.31,13.16,,,5.0,274.0,,98.0,23.82,700.0,0.0,0.0,0.37,,600.0,10.1016_j.biombioe.2022.106602_extracted_structured,lpcm-600
1621.0,0.97,0.35,,0.62,,0.89,,83.39,3.31,13.16,,,10.0,261.0,,98.0,23.82,700.0,0.0,0.0,0.37,,600.0,10.1016_j.biombioe.2022.106602_extracted_structured,lpcm-600
1621.0,0.97,0.35,,0.62,,0.89,,83.39,3.31,13.16,,,,244.0,,98.0,23.82,700.0,0.0,0.0,0.37,,600.0,10.1016_j.biombioe.2022.106602_extracted_structured,lpcm-600
1695.0,1.35,0.17,,1.18,,0.92,,,,,,,1.0,312.0,,,,,0.0,0.0,0.56,,700.0,10.1016_j.biombioe.2022.106602_extracted_structured,lpcm-700
1695.0,1.35,0.17,,1.18,,0.92,,,,,,,2.0,292.2,,,,,0.0,0.0,0.56,,700.0,10.1016_j.biombioe.2022.106602_extracted_structured,lpcm-700
1695.0,1.35,0.17,,1.18,,0.92,,,,,,,4.0,277.2,,,,,0.0,0.0,0.56,,700.0,10.1016_j.biombioe.2022.106602_extracted_structured,lpcm-700
1695.0,1.35,0.17,,1.18,,0.92,,,,,,,5.0,274.0,,,,,0.0,0.0,0.56,,700.0,10.1016_j.biombioe.2022.106602_extracted_structured,lpcm-700
1695.0,1.35,0.17,,1.18,,0.92,,,,,,,10.0,261.0,,,,,0.0,0.0,0.56,,700.0,10.1016_j.biombioe.2022.106602_extracted_structured,lpcm-700
1695.0,1.35,0.17,,1.18,,0.92,,,,,,,,244.0,,,,,0.0,0.0,0.56,,700.0,10.1016_j.biombioe.2022.106602_extracted_structured,lpcm-700
1852.2,1.11,0.46,,0.65,,0.97,,,,,,,1.0,312.0,,,,,0.0,0.0,1.9,,800.0,10.1016_j.biombioe.2022.106602_extracted_structured,lpcm-800
1852.2,1.11,0.46,,0.65,,0.97,,,,,,,2.0,292.2,,,,,0.0,0.0,1.9,,800.0,10.1016_j.biombioe.2022.106602_extracted_structured,lpcm-800
1852.2,1.11,0.46,,0.65,,0.97,,,,,,,4.0,277.2,,,,,0.0,0.0,1.9,,800.0,10.1016_j.biombioe.2022.106602_extracted_structured,lpcm-800
1852.2,1.11,0.46,,0.65,,0.97,,,,,,,5.0,274.0,,,,,0.0,0.0,1.9,,800.0,10.1016_j.biombioe.2022.106602_extracted_structured,lpcm-800
1852.2,1.11,0.46,,0.65,,0.97,,,,,,,10.0,261.0,,,,,0.0,0.0,1.9,,800.0,10.1016_j.biombioe.2022.106602_extracted_structured,lpcm-800
1852.2,1.11,0.46,,0.65,,0.97,,,,,,,,244.0,,,,,0.0,0.0,1.9,,800.0,10.1016_j.biombioe.2022.106602_extracted_structured,lpcm-800
1923.0,0.82,0.65,1685.0,0.17,,1.046,,92.22,1.72,6.06,,,1.0,251.7,,,,,0.0,1.4,,,,10.1016_j.est.2023.107272_extracted_structured,hpc
1923.0,0.82,0.65,1685.0,0.17,,1.046,,92.22,1.72,6.06,,,0.5,295.5,,,,,0.0,1.4,,,,10.1016_j.est.2023.107272_extracted_structured,hpc
2141.0,1.04,0.68,1661.0,0.36,,1.089,,90.12,3.15,6.43,,,1.0,378.8,10000.0,97.3,17.7,7050.0,0.0,1.4,0.7318,,,10.1016_j.est.2023.107272_extracted_structured,np1.0-hpc
2141.0,1.04,0.68,1661.0,0.36,,1.089,,90.12,3.15,6.43,,,,271.6,10000.0,97.3,17.7,7050.0,0.0,1.4,0.7318,,,10.1016_j.est.2023.107272_extracted_structured,np1.0-hpc
209.0,0.15,0.05,108.0,0.1,,0.95,,82.61,8.29,9.1,,,1.0,233.0,,,,,0.1,1.0,,4.91,600.0,10.1016_j.ica.2024.122056_extracted_structured,tmpc-600
209.0,0.15,0.05,108.0,0.1,,0.95,,82.61,8.29,9.1,,,1.0,140.0,,,,,0.1,1.0,,4.91,600.0,10.1016_j.ica.2024.122056_extracted_structured,tmpc-600
296.0,0.19,0.1,200.0,0.09,,0.96,,81.93,9.96,8.11,,,1.0,308.0,,,,,0.1,1.0,,4.58,700.0,10.1016_j.ica.2024.122056_extracted_structured,tmpc-700
296.0,0.19,0.1,200.0,0.09,,0.96,,81.93,9.96,8.11,,,1.0,97.0,,,,,0.1,1.0,,4.58,700.0,10.1016_j.ica.2024.122056_extracted_structured,tmpc-700
452.0,0.24,0.15,343.0,0.09,,0.97,,82.25,9.61,8.13,,,1.0,365.0,,,,,0.1,1.0,,3.62,800.0,10.1016_j.ica.2024.122056_extracted_structured,tmpc-800
541.0,0.47,0.21,418.0,0.26,,0.97,0.374,80.81,,7.77,,,1.0,389.0,5000.0,90.0,39.44,4980.0,0.0,1.8,2.67,2.72,900.0,10.1016_j.ica.2024.122056_extracted_structured,tmpc-900
541.0,0.47,0.21,418.0,0.26,,0.97,0.374,80.81,,7.77,,,1.0,310.0,5000.0,90.0,39.44,4980.0,0.0,1.8,2.67,2.72,900.0,10.1016_j.ica.2024.122056_extracted_structured,tmpc-900
541.0,0.47,0.21,418.0,0.26,,0.97,0.374,80.81,,7.77,,,1.0,71.0,5000.0,90.0,39.44,4980.0,0.0,1.8,2.67,2.72,900.0,10.1016_j.ica.2024.122056_extracted_structured,tmpc-900
768.24,0.3059,0.2939,,0.012,1.731,0.734,0.38,,,,,,0.2,91.0,10000.0,71.2,,,0.0,1.0,2.0,3.76,700.0,10.1016_j.jiec.2025.04.004_extracted_structured,wsbc
768.24,0.3059,0.2939,,0.012,1.731,0.734,0.38,,,,,,0.2,250.0,10000.0,71.2,,,0.0,1.0,2.0,3.76,700.0,10.1016_j.jiec.2025.04.004_extracted_structured,wsbc
1699.8,1.03,0.32,654.31,,,1.01,,90.57,,9.43,,,0.5,246.2,,,,,0.0,1.0,0.784,0.056,800.0,10.1016_j.jpcs.2024.112472_extracted_structured,lpc-800
1221.98,0.64,0.3,600.48,,,0.942,,89.79,3.4,6.81,,,0.5,292.6,,,,,0.0,1.0,0.964,0.126,800.0,10.1016_j.jpcs.2024.112472_extracted_structured,no-lpc-0.5
996.05,0.53,0.27,528.14,,,0.997,,86.81,6.24,6.95,,,0.5,320.0,12000.0,96.9,,,0.0,1.0,0.882,0.033,800.0,10.1016_j.jpcs.2024.112472_extracted_structured,no-lpc-1
722.35,0.38,0.25,488.13,,,0.957,,73.56,,12.16,,,0.5,272.4,,,,,0.0,1.0,0.901,0.052,800.0,10.1016_j.jpcs.2024.112472_extracted_structured,no-lpc-2
1273.2,0.5772,0.464,1145.0,0.1132,1.81,1.0,,94.43,1.27,4.3,,,5.0,110.36,,,,,0.0,0.5,1.044,0.418,,10.1016_j.desal.2022.115685_extracted_structured,cs400
1273.2,0.5772,0.464,1145.0,0.1132,1.81,1.0,,94.43,1.27,4.3,,,0.2,240.8,,,,,0.0,0.5,1.044,0.418,,10.1016_j.desal.2022.115685_extracted_structured,cs400
1943.2,0.8001,0.724,1863.2,0.0761,1.65,1.03,,91.22,1.36,7.42,,,5.0,127.2,50.0,87.0,,,0.0,0.5,0.878,0.252,,10.1016_j.desal.2022.115685_extracted_structured,cs500
1943.2,0.8001,0.724,1863.2,0.0761,1.65,1.03,,91.22,1.36,7.42,,,0.2,240.8,50.0,87.0,,,0.0,0.5,0.878,0.252,,10.1016_j.desal.2022.115685_extracted_structured,cs500
1327.6,0.5531,0.486,1264.7,0.0671,1.67,1.05,,89.66,0.97,9.37,,,5.0,105.8,,,,,0.0,0.5,1.237,0.124,600.0,10.1016_j.desal.2022.115685_extracted_structured,cs600
1327.6,0.5531,0.486,1264.7,0.0671,1.67,1.05,,89.66,0.97,9.37,,,0.2,240.8,,,,,0.0,0.5,1.237,0.124,600.0,10.1016_j.desal.2022.115685_extracted_structured,cs600
3246.34,1.73,0.57,1302.92,1.16,2.39,1.01,,85.0,5.0,10.0,,,1.0,280.0,,,,,-1.0,0.0,,,800.0,10.1016_j.jallcom.2021.161014_extracted_structured,ac
2640.55,1.43,0.56,1240.02,0.87,2.48,1.07,,85.0,5.0,10.0,,,1.0,530.0,10000.0,92.5,11.7,628.73,0.0,1.0,0.44,0.26,800.0,10.1016_j.jallcom.2021.161014_extracted_structured,cuo-ac
2640.55,1.43,0.56,1240.02,0.87,2.48,1.07,,85.0,5.0,10.0,,,2.0,328.0,10000.0,92.5,11.7,628.73,0.0,1.0,0.44,0.26,800.0,10.1016_j.jallcom.2021.161014_extracted_structured,cuo-ac
2640.55,1.43,0.56,1240.02,0.87,2.48,1.07,,85.0,5.0,10.0,,,5.0,235.0,10000.0,92.5,11.7,628.73,0.0,1.0,0.44,0.26,800.0,10.1016_j.jallcom.2021.161014_extracted_structured,cuo-ac
2640.55,1.43,0.56,1240.02,0.87,2.48,1.07,,85.0,5.0,10.0,,,10.0,187.0,10000.0,92.5,11.7,628.73,0.0,1.0,0.44,0.26,800.0,10.1016_j.jallcom.2021.161014_extracted_structured,cuo-ac
1276.0,0.49,0.39,1026.0,0.08,,1.0,,83.26,1.05,15.91,,0.38,0.5,320.0,10000.0,98.8,10.68,5.84,-1.0,0.0,0.7,,800.0,10.1016_j.ces.2024.120379_extracted_structured,tsc-275-800
1276.0,0.49,0.39,1026.0,0.08,,1.0,,83.26,1.05,15.91,,0.38,,205.0,10000.0,98.8,10.68,5.84,-1.0,0.0,0.7,,800.0,10.1016_j.ces.2024.120379_extracted_structured,tsc-275-800
1276.0,0.49,0.39,1026.0,0.08,,1.0,,83.26,1.05,15.91,,0.38,0.5,247.0,10000.0,98.8,10.68,5.84,-1.0,0.0,0.7,,800.0,10.1016_j.ces.2024.120379_extracted_structured,tsc-275-800
1276.0,0.49,0.39,1026.0,0.08,,1.0,,83.26,1.05,15.91,,0.38,,190.0,10000.0,98.8,10.68,5.84,-1.0,0.0,0.7,,800.0,10.1016_j.ces.2024.120379_extracted_structured,tsc-275-800
1331.0,0.65,0.4,966.3,0.15,1.96,1.06,,,,,,,0.5,345.0,,,,,0.0,0.5,,,600.0,10.1016_j.apsusc.2022.155080_extracted_structured,koh:tsm = 2:1
1274.0,0.62,0.49,691.4,0.07,1.95,1.08,,,,,,,0.5,294.0,,,,,0.0,0.5,,,600.0,10.1016_j.apsusc.2022.155080_extracted_structured,koh:tsm = 3:1
1506.0,0.74,0.44,725.6,0.22,1.97,0.97,,,,,,,0.5,356.0,,,,,0.0,0.5,,,700.0,10.1016_j.apsusc.2022.155080_extracted_structured,koh:tsm = 2:1 and 700 °c
811.1,0.317,0.279,746.2,0.038,1.57,0.96,,,2.05,,,,5.0,150.2,,,,,-1.0,-0.1,,,600.0,10.1016_j.colsurfa.2021.127408_extracted_structured,bnac-600
811.1,0.317,0.279,746.2,0.038,1.57,0.96,,,2.05,,,,0.5,161.8,,,,,-1.0,-0.1,,,600.0,10.1016_j.colsurfa.2021.127408_extracted_structured,bnac-600
1103.9,0.43,0.383,1034.4,0.047,1.56,0.98,,,,,,,5.0,164.0,,,,,-1.0,-0.1,,,650.0,10.1016_j.colsurfa.2021.127408_extracted_structured,bnac-650
1103.9,0.43,0.383,1034.4,0.047,1.56,0.98,,,,,,,0.5,176.9,,,,,-1.0,-0.1,,,650.0,10.1016_j.colsurfa.2021.127408_extracted_structured,bnac-650
1376.5,0.506,0.455,1360.5,0.051,1.29,0.99,,,2.05,,,,5.0,166.3,5000.0,96.3,,,-1.0,-0.1,,,700.0,10.1016_j.colsurfa.2021.127408_extracted_structured,bnac-700
1376.5,0.506,0.455,1360.5,0.051,1.29,0.99,,,2.05,,,,0.5,178.1,5000.0,96.3,,,-1.0,-0.1,,,700.0,10.1016_j.colsurfa.2021.127408_extracted_structured,bnac-700
1567.8,0.682,0.506,1326.4,0.176,1.34,1.0,,,,,,,5.0,132.3,,,,,-1.0,-0.1,,,750.0,10.1016_j.colsurfa.2021.127408_extracted_structured,bnac-750
1567.8,0.682,0.506,1326.4,0.176,1.34,1.0,,,,,,,0.5,141.8,,,,,-1.0,-0.1,,,750.0,10.1016_j.colsurfa.2021.127408_extracted_structured,bnac-750
1987.5,0.895,0.557,1405.7,0.338,1.12,1.03,,,,,,,5.0,122.6,,,,,-1.0,-0.1,,,800.0,10.1016_j.colsurfa.2021.127408_extracted_structured,bnac-800
1987.5,0.895,0.557,1405.7,0.338,1.12,1.03,,,,,,,0.5,133.2,,,,,-1.0,-0.1,,,800.0,10.1016_j.colsurfa.2021.127408_extracted_structured,bnac-800
2010.163,1.386,0.527,,0.723,,0.99,,88.43,1.85,9.72,,,0.5,360.1,,,,,0.0,0.8,,,800.0,10.1016_j.diamond.2022.109507_extracted_structured,appc1–2-800
2010.163,1.386,0.527,,0.723,,0.99,,88.43,1.85,9.72,,,,259.6,,,,,0.0,0.8,,,800.0,10.1016_j.diamond.2022.109507_extracted_structured,appc1–2-800
886.7,0.58,0.25,558.5,0.33,,0.82,,85.64,1.29,13.07,,,5.0,360.0,,,,,-1.0,-0.7,0.76,,800.0,10.1016_j.electacta.2017.07.131_extracted_structured,nc-800
886.7,0.58,0.25,558.5,0.33,,0.82,,85.64,1.29,13.07,,,1.0,376.0,,,,,-1.0,-0.7,0.76,,800.0,10.1016_j.electacta.2017.07.131_extracted_structured,nc-800
886.7,0.58,0.25,558.5,0.33,,0.82,,85.64,1.29,13.07,,,0.5,380.0,5000.0,91.3,,,-1.0,-0.7,0.56,1.2e-07,800.0,10.1016_j.electacta.2017.07.131_extracted_structured,npc-800
1705.5,0.74,0.72,1622.23,,,0.91,0.2436,,,,,,1.2,240.03,,,,,-0.1,0.7,1.26,0.11,900.0,10.1016_j.jallcom.2023.170452_extracted_structured,pcs
1495.6,0.53,0.52,1480.04,,,0.93,,,,,,,1.2,201.72,,,,,-0.1,0.7,1.44,0.23,900.0,10.1016_j.jallcom.2023.170452_extracted_structured,n-pcs
1164.3,0.45,0.43,1088.14,,,0.94,,,,,,,1.2,168.0,,,,,-0.1,0.7,1.4,0.27,900.0,10.1016_j.jallcom.2023.170452_extracted_structured,b-pcs
193.0,0.14,0.0735,,0.0665,,0.99,,77.4,0.4,22.2,,,0.5,133.0,,,,,-1.0,-0.3,,,,10.1016_j.chemosphere.2024.141798_extracted_structured,bpc
193.0,0.14,0.0735,,0.0665,,0.99,,77.4,0.4,22.2,,,10.0,118.9,,,,,-1.0,-0.3,,,,10.1016_j.chemosphere.2024.141798_extracted_structured,bpc
281.0,0.197,0.1,,0.097,,0.86,,84.4,,15.6,,,0.5,237.7,,,,,-1.0,-0.3,,,,10.1016_j.chemosphere.2024.141798_extracted_structured,npc
281.0,0.197,0.1,,0.097,,0.86,,84.4,,15.6,,,10.0,118.9,,,,,-1.0,-0.3,,,,10.1016_j.chemosphere.2024.141798_extracted_structured,npc
725.0,0.431,0.239,,0.192,,0.96,,71.5,2.2,26.3,,,2.0,38.9,,,,,-1.0,-0.3,,,800.0,10.1016_j.chemosphere.2024.141798_extracted_structured,pnp
1568.4,0.68,0.55,1317.2,0.13,1.73,0.87,,72.13,7.33,15.54,,,0.5,322.5,5000.0,95.5,,,-1.0,0.0,0.61,0.39,700.0,10.1016_j.jcis.2019.02.024_extracted_structured,nlpc-1
1568.4,0.68,0.55,1317.2,0.13,1.73,0.87,,72.13,7.33,15.54,,,1.0,305.6,5000.0,95.5,,,-1.0,0.0,0.61,0.39,700.0,10.1016_j.jcis.2019.02.024_extracted_structured,nlpc-1
1568.4,0.68,0.55,1317.2,0.13,1.73,0.87,,72.13,7.33,15.54,,,2.0,288.2,5000.0,95.5,,,-1.0,0.0,0.61,0.39,700.0,10.1016_j.jcis.2019.02.024_extracted_structured,nlpc-1
1568.4,0.68,0.55,1317.2,0.13,1.73,0.87,,72.13,7.33,15.54,,,5.0,269.5,5000.0,95.5,,,-1.0,0.0,0.61,0.39,700.0,10.1016_j.jcis.2019.02.024_extracted_structured,nlpc-1
1568.4,0.68,0.55,1317.2,0.13,1.73,0.87,,72.13,7.33,15.54,,,10.0,255.8,5000.0,95.5,,,-1.0,0.0,0.61,0.39,700.0,10.1016_j.jcis.2019.02.024_extracted_structured,nlpc-1
1881.7,0.83,0.64,1492.8,0.19,1.77,0.91,,72.13,7.33,15.54,,,0.5,322.5,5000.0,96.4,10.9,,-1.0,0.0,0.54,0.21,700.0,10.1016_j.jcis.2019.02.024_extracted_structured,nlpc-2
1881.7,0.83,0.64,1492.8,0.19,1.77,0.91,,72.13,7.33,15.54,,,1.0,305.6,5000.0,96.4,10.9,,-1.0,0.0,0.54,0.21,700.0,10.1016_j.jcis.2019.02.024_extracted_structured,nlpc-2
1881.7,0.83,0.64,1492.8,0.19,1.77,0.91,,72.13,7.33,15.54,,,2.0,288.2,5000.0,96.4,10.9,,-1.0,0.0,0.54,0.21,700.0,10.1016_j.jcis.2019.02.024_extracted_structured,nlpc-2
1881.7,0.83,0.64,1492.8,0.19,1.77,0.91,,72.13,7.33,15.54,,,5.0,269.5,5000.0,96.4,10.9,,-1.0,0.0,0.54,0.21,700.0,10.1016_j.jcis.2019.02.024_extracted_structured,nlpc-2
1881.7,0.83,0.64,1492.8,0.19,1.77,0.91,,72.13,7.33,15.54,,,10.0,255.8,5000.0,96.4,10.9,,-1.0,0.0,0.54,0.21,700.0,10.1016_j.jcis.2019.02.024_extracted_structured,nlpc-2
2079.3,0.98,0.66,1401.2,0.32,1.89,0.92,,72.13,7.33,15.54,,,0.5,322.5,5000.0,93.8,,,-1.0,0.0,0.59,0.35,700.0,10.1016_j.jcis.2019.02.024_extracted_structured,nlpc-3
2079.3,0.98,0.66,1401.2,0.32,1.89,0.92,,72.13,7.33,15.54,,,1.0,305.6,5000.0,93.8,,,-1.0,0.0,0.59,0.35,700.0,10.1016_j.jcis.2019.02.024_extracted_structured,nlpc-3
2079.3,0.98,0.66,1401.2,0.32,1.89,0.92,,72.13,7.33,15.54,,,2.0,288.2,5000.0,93.8,,,-1.0,0.0,0.59,0.35,700.0,10.1016_j.jcis.2019.02.024_extracted_structured,nlpc-3
2079.3,0.98,0.66,1401.2,0.32,1.89,0.92,,72.13,7.33,15.54,,,5.0,269.5,5000.0,93.8,,,-1.0,0.0,0.59,0.35,700.0,10.1016_j.jcis.2019.02.024_extracted_structured,nlpc-3
2079.3,0.98,0.66,1401.2,0.32,1.89,0.92,,72.13,7.33,15.54,,,10.0,255.8,5000.0,93.8,,,-1.0,0.0,0.59,0.35,700.0,10.1016_j.jcis.2019.02.024_extracted_structured,nlpc-3
3122.0,1.43,1.16,1697.5,,,1.04,,,,,,,0.5,352.0,,,,,0.0,1.0,0.61,0.07,,10.1016_j.jaap.2022.105844_extracted_structured,hpc
3253.0,1.75,0.73,1432.9,,,1.13,,86.68,1.55,11.77,,,0.5,352.0,10000.0,99.5,48.6,2500.0,0.0,1.0,0.63,0.06,,10.1016_j.jaap.2022.105844_extracted_structured,n/hpc
3253.0,1.75,0.73,1432.9,,,1.13,,86.68,1.55,11.77,,,,252.0,10000.0,99.5,48.6,2500.0,0.0,1.0,0.63,0.06,,10.1016_j.jaap.2022.105844_extracted_structured,n/hpc
1463.0,0.82,0.8,1259.0,0.02,,0.97,,,,,,,1.0,255.0,10000.0,92.9,7.95,10000.0,0.0,1.0,,,800.0,10.1016_j.jece.2017.11.080_extracted_structured,oc-2
1463.0,0.82,0.8,1259.0,0.02,,0.97,,,,,,,2.0,212.0,10000.0,92.9,7.95,10000.0,0.0,1.0,,,800.0,10.1016_j.jece.2017.11.080_extracted_structured,oc-2
1463.0,0.82,0.8,1259.0,0.02,,0.97,,,,,,,5.0,192.0,10000.0,92.9,7.95,10000.0,0.0,1.0,,,800.0,10.1016_j.jece.2017.11.080_extracted_structured,oc-2
1463.0,0.82,0.8,1259.0,0.02,,0.97,,,,,,,10.0,184.0,10000.0,92.9,7.95,10000.0,0.0,1.0,,,800.0,10.1016_j.jece.2017.11.080_extracted_structured,oc-2
1463.0,0.82,0.8,1259.0,0.02,,0.97,,,,,,,15.0,181.0,10000.0,92.9,7.95,10000.0,0.0,1.0,,,800.0,10.1016_j.jece.2017.11.080_extracted_structured,oc-2
1463.0,0.82,0.8,1259.0,0.02,,0.97,,,,,,,,175.0,10000.0,92.9,7.95,10000.0,0.0,1.0,,,800.0,10.1016_j.jece.2017.11.080_extracted_structured,oc-2
1458.0,0.91,0.72,1130.0,0.19,,1.0,,,,,,,1.0,158.0,,,,,0.0,1.0,,,800.0,10.1016_j.jece.2017.11.080_extracted_structured,oc-3
1370.0,1.02,0.67,1042.0,0.35,,1.02,,,,,,,1.0,143.0,,,,,0.0,1.0,,,800.0,10.1016_j.jece.2017.11.080_extracted_structured,oc-4
1592.9,0.91,0.55,1128.4,0.36,,0.974,,85.0,5.0,10.0,,,1.0,281.1,,,,,0.0,1.0,0.66,1.3,,10.1016_j.jaap.2025.107110_extracted_structured,ps
1592.9,0.91,0.55,1128.4,0.36,,0.974,,85.0,5.0,10.0,,,1.0,201.0,,,,,0.0,1.0,0.66,1.3,,10.1016_j.jaap.2025.107110_extracted_structured,ps
1592.9,0.91,0.55,1128.4,0.36,,0.974,,85.0,5.0,10.0,,,10.0,125.0,,,,,0.0,1.0,0.66,1.3,,10.1016_j.jaap.2025.107110_extracted_structured,ps
1726.3,0.94,0.67,1371.3,0.27,,0.957,,85.0,5.0,10.0,,,1.0,332.3,,,,,0.0,1.0,0.52,1.32,800.0,10.1016_j.jaap.2025.107110_extracted_structured,ps@fl
1726.3,0.94,0.67,1371.3,0.27,,0.957,,85.0,5.0,10.0,,,1.0,199.5,,,,,0.0,1.0,0.52,1.32,800.0,10.1016_j.jaap.2025.107110_extracted_structured,ps@fl
1726.3,0.94,0.67,1371.3,0.27,,0.957,,85.0,5.0,10.0,,,10.0,155.0,,,,,0.0,1.0,0.52,1.32,800.0,10.1016_j.jaap.2025.107110_extracted_structured,ps@fl
1664.0,0.88,0.62,1389.6,0.2,,0.947,0.3521,85.0,5.0,10.0,,,1.0,384.9,10000.0,98.16,7.5,3125.0,0.0,1.0,0.51,1.3,800.0,10.1016_j.jaap.2025.107110_extracted_structured,ps@fn
1664.0,0.88,0.62,1389.6,0.2,,0.947,0.3521,85.0,5.0,10.0,,,1.0,217.0,10000.0,98.16,7.5,3125.0,0.0,1.0,0.51,1.3,800.0,10.1016_j.jaap.2025.107110_extracted_structured,ps@fn
1664.0,0.88,0.62,1389.6,0.2,,0.947,0.3521,85.0,5.0,10.0,,,10.0,174.8,10000.0,98.16,7.5,3125.0,0.0,1.0,0.51,1.3,800.0,10.1016_j.jaap.2025.107110_extracted_structured,ps@fn
72.7,0.07,0.004,0.004,0.066,3.9,0.8,,,,,,,0.1,174.0,,,,,0.0,1.0,0.6,,600.0,10.1016_j.est.2020.101829_extracted_structured,gcns6
248.3,0.16,0.1,0.1,0.06,2.7,0.89,,,,,,,0.1,174.0,,,,,0.0,1.0,0.4,8.5,700.0,10.1016_j.est.2020.101829_extracted_structured,gcns7
356.7,0.23,0.2,0.2,,2.4,0.99,,,,,,,0.1,174.0,,,,,0.0,1.0,0.4,6.2,900.0,10.1016_j.est.2020.101829_extracted_structured,gcns9
1387.1,1.51,0.29,611.1,,4.3,1.068,,95.53,,4.47,,,1.0,222.6,10000.0,82.2,17.78,800.0,0.0,1.6,,1.02,800.0,10.1016_j.jelechem.2022.116877_extracted_structured,sa-1
1387.1,1.51,0.29,611.1,,4.3,1.068,,95.53,,4.47,,,1.0,50.0,10000.0,82.2,17.78,800.0,0.0,1.6,,1.02,800.0,10.1016_j.jelechem.2022.116877_extracted_structured,sa-1
1174.2,1.56,0.37,842.6,,5.32,1.023,,94.55,,5.45,,,1.0,194.2,,,,,0.0,1.6,,,800.0,10.1016_j.jelechem.2022.116877_extracted_structured,sa-2
418.8,1.27,0.063,85.6,,,0.918,,93.96,,6.04,,,1.0,102.0,,,,,0.0,1.6,,,800.0,10.1016_j.jelechem.2022.116877_extracted_structured,sa-3
1032.0,0.5,0.46,,0.04,,1.0,,,,,,,0.5,191.0,,,,,-0.3,0.9,1.3,2.6,800.0,10.1016_j.jelechem.2024.118325_extracted_structured,cc-800-1
1032.0,0.5,0.46,,0.04,,1.0,,,,,,,,211.0,,,,,-0.3,0.9,1.3,2.6,800.0,10.1016_j.jelechem.2024.118325_extracted_structured,cc-800-1
1032.0,0.5,0.46,,0.04,,1.0,,,,,,,1.0,161.0,,,,,-0.3,0.9,1.3,2.6,800.0,10.1016_j.jelechem.2024.118325_extracted_structured,cc-800-1
1032.0,0.5,0.46,,0.04,,1.0,,,,,,,7.0,115.0,,,,,-0.3,0.9,1.3,2.6,800.0,10.1016_j.jelechem.2024.118325_extracted_structured,cc-800-1
1444.0,0.9,0.79,,0.18,,0.98,,,,,,,0.5,207.0,12000.0,93.0,6.43,148.0,0.0,1.2,1.28,1.13,800.0,10.1016_j.jelechem.2024.118325_extracted_structured,cc-800-3
1444.0,0.9,0.79,,0.18,,0.98,,,,,,,,226.0,12000.0,93.0,6.43,148.0,0.0,1.2,1.28,1.13,800.0,10.1016_j.jelechem.2024.118325_extracted_structured,cc-800-3
1444.0,0.9,0.79,,0.18,,0.98,,,,,,,1.0,169.0,12000.0,93.0,6.43,148.0,0.0,1.2,1.28,1.13,800.0,10.1016_j.jelechem.2024.118325_extracted_structured,cc-800-3
1444.0,0.9,0.79,,0.18,,0.98,,,,,,,7.0,136.0,12000.0,93.0,6.43,148.0,0.0,1.2,1.28,1.13,800.0,10.1016_j.jelechem.2024.118325_extracted_structured,cc-800-3
1633.0,0.83,0.76,,0.08,,0.88,,,,,,,0.5,222.0,,,,,-0.3,0.9,2.45,0.31,650.0,10.1016_j.jelechem.2024.118325_extracted_structured,cc-650-5
1633.0,0.83,0.76,,0.08,,0.88,,,,,,,,258.0,,,,,-0.3,0.9,2.45,0.31,650.0,10.1016_j.jelechem.2024.118325_extracted_structured,cc-650-5
1633.0,0.83,0.76,,0.08,,0.88,,,,,,,1.0,182.0,,,,,-0.3,0.9,2.45,0.31,650.0,10.1016_j.jelechem.2024.118325_extracted_structured,cc-650-5
1633.0,0.83,0.76,,0.08,,0.88,,,,,,,7.0,122.0,,,,,-0.3,0.9,2.45,0.31,650.0,10.1016_j.jelechem.2024.118325_extracted_structured,cc-650-5
320.0,0.2,0.14,275.0,0.06,,1.05,,,,,,,1.0,75.0,,,,,0.0,1.0,,,800.0,10.1016_j.carbon.2020.07.017_extracted_structured,gc
320.0,0.2,0.14,275.0,0.06,,1.05,,,,,,,0.2,206.0,,,,,0.0,1.0,,,800.0,10.1016_j.carbon.2020.07.017_extracted_structured,gc
553.0,0.18,0.1,414.0,0.08,,0.98,,,,,,,1.0,172.0,10000.0,90.0,,,0.0,1.0,,7.6,800.0,10.1016_j.carbon.2020.07.017_extracted_structured,agc
553.0,0.18,0.1,414.0,0.08,,0.98,,,,,,,0.2,244.0,10000.0,90.0,,,0.0,1.0,,7.6,800.0,10.1016_j.carbon.2020.07.017_extracted_structured,agc
720.0,0.38,0.27,548.0,0.11,,0.92,,,,,,,0.3,456.0,10000.0,95.0,48.3,400.0,0.0,1.0,,4.2,800.0,10.1016_j.carbon.2020.07.017_extracted_structured,dagc
720.0,0.38,0.27,548.0,0.11,,0.92,,,,,,,1.0,268.0,10000.0,95.0,48.3,400.0,0.0,1.0,,4.2,800.0,10.1016_j.carbon.2020.07.017_extracted_structured,dagc
720.0,0.38,0.27,548.0,0.11,,0.92,,,,,,,0.2,348.0,10000.0,95.0,48.3,400.0,0.0,1.0,,4.2,800.0,10.1016_j.carbon.2020.07.017_extracted_structured,dagc
720.0,0.38,0.27,548.0,0.11,,0.92,,,,,,,0.2,206.0,10000.0,95.0,48.3,400.0,0.0,1.0,,4.2,800.0,10.1016_j.carbon.2020.07.017_extracted_structured,dagc
1044.1,0.62,0.43,808.26,0.19,2.41,0.98,,78.2,6.1,10.8,,,0.5,167.4,,,,,0.0,1.0,,,600.0,10.1016_j.asems.2024.100102_extracted_structured,stgpc-1
1641.98,0.91,0.62,1169.31,0.29,2.23,0.94,,86.7,3.6,9.6,,,0.5,325.5,3000.0,97.0,21.3,3390.0,0.0,1.0,,,720.0,10.1016_j.asems.2024.100102_extracted_structured,stgpc-2
1641.98,0.91,0.62,1169.31,0.29,2.23,0.94,,86.7,3.6,9.6,,,10.0,248.0,3000.0,97.0,21.3,3390.0,0.0,1.0,,,720.0,10.1016_j.asems.2024.100102_extracted_structured,stgpc-2
1314.6,0.82,0.4,754.63,0.42,2.53,0.91,,86.9,1.4,9.3,,,0.5,210.0,,,,,0.0,1.0,,,800.0,10.1016_j.asems.2024.100102_extracted_structured,stgpc-3
917.0,0.87,0.65,1122.0,0.22,,0.976,,95.9,,4.1,,,0.5,248.0,5000.0,71.8,,,0.0,0.8,1.15,,900.0,10.1016_j.jpowsour.2017.01.099_extracted_structured,catc
917.0,0.87,0.65,1122.0,0.22,,0.976,,95.9,,4.1,,,,100.0,5000.0,71.8,,,0.0,0.8,1.15,,900.0,10.1016_j.jpowsour.2017.01.099_extracted_structured,catc
917.0,0.87,0.65,1122.0,0.22,,0.976,,95.9,,4.1,,,0.1,196.0,5000.0,71.8,,,0.0,0.8,1.15,,900.0,10.1016_j.jpowsour.2017.01.099_extracted_structured,catc
1006.0,1.32,1.15,1196.0,0.17,,0.955,,97.2,,2.8,,,0.5,273.0,5000.0,78.2,,,0.0,0.8,0.48,,900.0,10.1016_j.jpowsour.2017.01.099_extracted_structured,tanc
1006.0,1.32,1.15,1196.0,0.17,,0.955,,97.2,,2.8,,,,117.0,5000.0,78.2,,,0.0,0.8,0.48,,900.0,10.1016_j.jpowsour.2017.01.099_extracted_structured,tanc
1006.0,1.32,1.15,1196.0,0.17,,0.955,,97.2,,2.8,,,0.1,196.0,5000.0,78.2,,,0.0,0.8,0.48,,900.0,10.1016_j.jpowsour.2017.01.099_extracted_structured,tanc
503.0,0.325,0.155,391.0,0.17,3.811,0.92,0.371,80.23,1.4,18.37,,,5.0,250.0,,,,,0.0,0.8,,,600.0,10.1016_j.apsusc.2019.06.147_extracted_structured,j-600
503.0,0.325,0.155,391.0,0.17,3.811,0.92,0.371,80.23,1.4,18.37,,,1.3,114.0,,,,,0.0,0.8,,,600.0,10.1016_j.apsusc.2019.06.147_extracted_structured,j-600
610.0,0.462,0.201,500.0,0.261,4.032,0.95,0.371,83.1,1.32,15.58,,,5.0,340.0,,,,,0.0,0.8,,,700.0,10.1016_j.apsusc.2019.06.147_extracted_structured,j-700
610.0,0.462,0.201,500.0,0.261,4.032,0.95,0.371,83.1,1.32,15.58,,,1.3,194.0,,,,,0.0,0.8,,,700.0,10.1016_j.apsusc.2019.06.147_extracted_structured,j-700
967.0,0.527,0.336,846.0,0.191,3.897,0.98,0.371,84.02,1.28,14.7,,,5.0,477.0,10000.0,96.0,10.8,,0.0,0.8,,,800.0,10.1016_j.apsusc.2019.06.147_extracted_structured,j-800
967.0,0.527,0.336,846.0,0.191,3.897,0.98,0.371,84.02,1.28,14.7,,,0.6,274.0,10000.0,96.0,10.8,,0.0,0.8,,,800.0,10.1016_j.apsusc.2019.06.147_extracted_structured,j-800
967.0,0.527,0.336,846.0,0.191,3.897,0.98,0.371,84.02,1.28,14.7,,,0.6,308.0,10000.0,96.0,10.8,,0.0,0.8,,,800.0,10.1016_j.apsusc.2019.06.147_extracted_structured,j-800
967.0,0.527,0.336,846.0,0.191,3.897,0.98,0.371,84.02,1.28,14.7,,,6.3,227.0,10000.0,96.0,10.8,,0.0,0.8,,,800.0,10.1016_j.apsusc.2019.06.147_extracted_structured,j-800
29.5,0.027,0.012,19.45,0.015,3.66,0.8,0.333,,,,,,,20.8,,,,,-0.2,1.0,1.93,,,10.1016_j.rsurfi.2023.100096_extracted_structured,bbc5
29.5,0.027,0.012,19.45,0.015,3.66,0.8,0.333,,,,,,0.001,15.0,,,,,-0.2,1.0,1.93,,,10.1016_j.rsurfi.2023.100096_extracted_structured,bbc5
29.5,0.027,0.012,19.45,0.015,3.66,0.8,0.333,,,,,,0.5,0.9,,,,,-0.2,1.0,1.93,,,10.1016_j.rsurfi.2023.100096_extracted_structured,bbc5
219.3,0.1104,0.026,122.85,0.0844,2.01,0.9,0.334,,,,,,,131.0,,,,,-0.2,1.0,1.93,,600.0,10.1016_j.rsurfi.2023.100096_extracted_structured,bbc6
219.3,0.1104,0.026,122.85,0.0844,2.01,0.9,0.334,,,,,,1.0,120.0,,,,,-0.2,1.0,1.93,,600.0,10.1016_j.rsurfi.2023.100096_extracted_structured,bbc6
219.3,0.1104,0.026,122.85,0.0844,2.01,0.9,0.334,,,,,,0.5,2.13,,,,,-0.2,1.0,1.93,,600.0,10.1016_j.rsurfi.2023.100096_extracted_structured,bbc6
712.1,0.3252,0.225,503.45,0.1002,1.82,0.7,0.335,,,,,,,253.0,,,,,-0.2,1.0,1.81,,700.0,10.1016_j.rsurfi.2023.100096_extracted_structured,bbc7
712.1,0.3252,0.225,503.45,0.1002,1.82,0.7,0.335,,,,,,0.001,211.0,,,,,-0.2,1.0,1.81,,700.0,10.1016_j.rsurfi.2023.100096_extracted_structured,bbc7
712.1,0.3252,0.225,503.45,0.1002,1.82,0.7,0.335,,,,,,0.5,2.13,,,,,-0.2,1.0,1.81,,700.0,10.1016_j.rsurfi.2023.100096_extracted_structured,bbc7
343.0,0.22,0.04,268.0,0.18,3.3,0.87,,,,,,,0.4,174.0,,,,,0.0,1.0,3.0,,600.0,10.1016_j.renene.2020.06.004_extracted_structured,sc6
692.0,0.4,0.25,491.0,0.15,4.0,1.01,,,,,,,0.4,398.0,,,,,0.0,1.0,2.4,3.7,700.0,10.1016_j.renene.2020.06.004_extracted_structured,sc7
692.0,0.4,0.25,491.0,0.15,4.0,1.01,,,,,,,4.0,180.0,,,,,0.0,1.0,2.4,3.7,700.0,10.1016_j.renene.2020.06.004_extracted_structured,sc7
692.0,0.4,0.25,491.0,0.15,4.0,1.01,,,,,,,0.1,124.0,,,,,0.0,1.0,2.4,3.7,700.0,10.1016_j.renene.2020.06.004_extracted_structured,sc7
692.0,0.4,0.25,491.0,0.15,4.0,1.01,,,,,,,0.1,97.0,,,,,0.0,1.0,2.4,3.7,700.0,10.1016_j.renene.2020.06.004_extracted_structured,sc7
600.0,0.35,0.26,515.0,0.09,4.9,0.98,,,,,,,0.4,289.0,,,,,0.0,1.0,,5.0,800.0,10.1016_j.renene.2020.06.004_extracted_structured,sc8
364.7,0.46,0.07,133.9,0.39,,0.8,,,,,,,1.0,94.0,,,,,0.0,1.0,,,700.0,10.1016_j.diamond.2018.03.033_extracted_structured,opcns-0.5
418.7,0.49,0.07,135.8,0.42,,0.8,,86.5,,13.5,,,1.0,166.0,,,,,0.0,1.0,,,700.0,10.1016_j.diamond.2018.03.033_extracted_structured,opcns-1
418.7,0.49,0.07,135.8,0.42,,0.8,,86.5,,13.5,,,,132.0,,,,,0.0,1.0,,,700.0,10.1016_j.diamond.2018.03.033_extracted_structured,opcns-1
391.4,0.54,0.05,96.0,0.49,,0.8,,,,,,,1.0,125.0,,,,,0.0,1.0,1.3,1.1,700.0,10.1016_j.diamond.2018.03.033_extracted_structured,opcns-2
2209.0,1.3,0.9,1825.0,,2.4,1.0,,,3.92,,,,1.0,220.0,,,,,0.0,1.0,0.74,,700.0,10.1016_j.electacta.2017.01.194_extracted_structured,a-ncs-700
2209.0,1.3,0.9,1825.0,,2.4,1.0,,,3.92,,,,0.5,322.0,,,,,0.0,1.0,0.74,,700.0,10.1016_j.electacta.2017.01.194_extracted_structured,a-ncs-700
723.0,0.364,0.241,,0.123,2.54,1.03,,89.3,0.3,10.4,,,0.5,271.4,,,,,0.0,1.0,0.37,0.59,600.0,10.1016_j.jiec.2023.08.045_extracted_structured,wac
1162.0,0.625,0.295,,0.33,2.63,1.05,,84.7,8.95,6.35,,,1.0,226.0,,,,,0.0,1.0,,,600.0,10.1016_j.jiec.2023.08.045_extracted_structured,n-wac
1162.0,0.625,0.295,,0.33,2.63,1.05,,84.7,8.95,6.35,,,2.0,191.0,,,,,0.0,1.0,,,600.0,10.1016_j.jiec.2023.08.045_extracted_structured,n-wac
1162.0,0.625,0.295,,0.33,2.63,1.05,,84.7,8.95,6.35,,,5.0,183.0,,,,,0.0,1.0,,,600.0,10.1016_j.jiec.2023.08.045_extracted_structured,n-wac
1162.0,0.625,0.295,,0.33,2.63,1.05,,84.7,8.95,6.35,,,10.0,171.0,,,,,0.0,1.0,,,600.0,10.1016_j.jiec.2023.08.045_extracted_structured,n-wac
1162.0,0.625,0.295,,0.33,2.63,1.05,,84.7,8.95,6.35,,,15.0,158.0,,,,,0.0,1.0,,,600.0,10.1016_j.jiec.2023.08.045_extracted_structured,n-wac
1725.0,1.143,0.452,,0.691,2.72,1.4,,81.56,9.21,6.86,,2.37,0.5,271.4,10000.0,91.8,23.4,250.0,0.0,1.0,0.37,0.59,600.0,10.1016_j.jiec.2023.08.045_extracted_structured,ns-wac
1725.0,1.143,0.452,,0.691,2.72,1.4,,81.56,9.21,6.86,,2.37,1.0,226.0,10000.0,91.8,23.4,250.0,0.0,1.0,0.37,0.59,600.0,10.1016_j.jiec.2023.08.045_extracted_structured,ns-wac
1725.0,1.143,0.452,,0.691,2.72,1.4,,81.56,9.21,6.86,,2.37,2.0,191.0,10000.0,91.8,23.4,250.0,0.0,1.0,0.37,0.59,600.0,10.1016_j.jiec.2023.08.045_extracted_structured,ns-wac
1725.0,1.143,0.452,,0.691,2.72,1.4,,81.56,9.21,6.86,,2.37,5.0,183.0,10000.0,91.8,23.4,250.0,0.0,1.0,0.37,0.59,600.0,10.1016_j.jiec.2023.08.045_extracted_structured,ns-wac
1725.0,1.143,0.452,,0.691,2.72,1.4,,81.56,9.21,6.86,,2.37,10.0,171.0,10000.0,91.8,23.4,250.0,0.0,1.0,0.37,0.59,600.0,10.1016_j.jiec.2023.08.045_extracted_structured,ns-wac
1725.0,1.143,0.452,,0.691,2.72,1.4,,81.56,9.21,6.86,,2.37,15.0,158.0,10000.0,91.8,23.4,250.0,0.0,1.0,0.37,0.59,600.0,10.1016_j.jiec.2023.08.045_extracted_structured,ns-wac
1725.0,1.143,0.452,,0.691,2.72,1.4,,81.56,9.21,6.86,,2.37,0.5,52.0,10000.0,91.8,23.4,250.0,0.0,1.0,0.37,0.59,600.0,10.1016_j.jiec.2023.08.045_extracted_structured,ns-wac
491.36,0.286,0.117,,,2.33,0.82,0.371,95.38,,4.62,,,1.0,334.0,10000.0,,,,1.2,1.6,,,,10.1016_j.est.2024.115170_extracted_structured,pgc
491.36,0.286,0.117,,,2.33,0.82,0.371,95.38,,4.62,,,10.0,34.59,10000.0,,,,1.2,1.6,,,,10.1016_j.est.2024.115170_extracted_structured,pgc
491.36,0.286,0.117,,,2.33,0.82,0.371,95.38,,4.62,,,10.0,23.69,10000.0,,,,1.2,1.6,,,,10.1016_j.est.2024.115170_extracted_structured,pgc
491.36,0.286,0.117,,,2.33,0.82,0.371,95.38,,4.62,,,3.0,448.0,10000.0,,,,1.2,1.6,,,,10.1016_j.est.2024.115170_extracted_structured,pgc
491.36,0.286,0.117,,,2.33,0.82,0.371,95.38,,4.62,,,3.0,101.0,10000.0,,,,1.2,1.6,,,,10.1016_j.est.2024.115170_extracted_structured,pgc
491.36,0.286,0.117,,,2.33,0.82,0.371,95.38,,4.62,,,4.0,80.0,10000.0,,,,1.2,1.6,,,,10.1016_j.est.2024.115170_extracted_structured,pgc
491.36,0.286,0.117,,,2.33,0.82,0.371,95.38,,4.62,,,5.0,72.0,10000.0,,,,1.2,1.6,,,,10.1016_j.est.2024.115170_extracted_structured,pgc
491.36,0.286,0.117,,,2.33,0.82,0.371,95.38,,4.62,,,6.0,64.0,10000.0,,,,1.2,1.6,,,,10.1016_j.est.2024.115170_extracted_structured,pgc
491.36,0.286,0.117,,,2.33,0.82,0.371,95.38,,4.62,,,10.0,50.0,10000.0,,,,1.2,1.6,,,,10.1016_j.est.2024.115170_extracted_structured,pgc
1843.0,1.62,1.12,1224.0,0.44,,1.05,0.409,85.2,2.12,6.18,,0.55,0.2,468.0,10000.0,88.5,25.3,9998.0,0.0,1.23,1.83,11.85,800.0,10.1016_j.ijhydene.2024.07.032_extracted_structured,nszpc
1843.0,1.62,1.12,1224.0,0.44,,1.05,0.409,85.2,2.12,6.18,,0.55,0.2,191.8,10000.0,88.5,25.3,9998.0,0.0,1.23,1.83,11.85,800.0,10.1016_j.ijhydene.2024.07.032_extracted_structured,nszpc
1843.0,1.62,1.12,1224.0,0.44,,1.05,0.409,85.2,2.12,6.18,,0.55,10.0,131.8,10000.0,88.5,25.3,9998.0,0.0,1.23,1.83,11.85,800.0,10.1016_j.ijhydene.2024.07.032_extracted_structured,nszpc
568.0,0.26,0.21,471.0,0.05,,0.9,,91.02,3.87,7.79,,0.55,0.2,233.8,,,,,0.0,1.23,2.51,,,10.1016_j.ijhydene.2024.07.032_extracted_structured,nspc
568.0,0.26,0.21,471.0,0.05,,0.9,,91.02,3.87,7.79,,0.55,0.5,153.1,,,,,0.0,1.23,2.51,,,10.1016_j.ijhydene.2024.07.032_extracted_structured,nspc
568.0,0.26,0.21,471.0,0.05,,0.9,,91.02,3.87,7.79,,0.55,1.0,169.5,,,,,0.0,1.23,2.51,,,10.1016_j.ijhydene.2024.07.032_extracted_structured,nspc
568.0,0.26,0.21,471.0,0.05,,0.9,,91.02,3.87,7.79,,0.55,,154.2,,,,,0.0,1.23,2.51,,,10.1016_j.ijhydene.2024.07.032_extracted_structured,nspc
1970.0,1.76,0.24,480.0,,,0.94,,93.87,0.0,2.48,,0.0,0.2,275.4,,,,,0.0,1.23,2.41,,,10.1016_j.ijhydene.2024.07.032_extracted_structured,zpc
1970.0,1.76,0.24,480.0,,,0.94,,93.87,0.0,2.48,,0.0,0.5,237.3,,,,,0.0,1.23,2.41,,,10.1016_j.ijhydene.2024.07.032_extracted_structured,zpc
1970.0,1.76,0.24,480.0,,,0.94,,93.87,0.0,2.48,,0.0,,0.0,,,,,0.0,1.23,2.41,,,10.1016_j.ijhydene.2024.07.032_extracted_structured,zpc
225.3,0.108,0.078,191.2,0.03,,0.78,,89.56,,,,,1.0,80.3,10000.0,,2.74,400.0,0.0,1.0,3.602,,600.0,10.1016_j.diamond.2020.108162_extracted_structured,cpc-0-600
1016.6,0.503,0.358,861.8,0.145,,0.92,,88.72,,,,,1.0,273.8,10000.0,86.2,27.44,8000.0,0.0,1.0,1.323,12.59,600.0,10.1016_j.diamond.2020.108162_extracted_structured,cpc-2-600
1016.6,0.503,0.358,861.8,0.145,,0.92,,88.72,,,,,0.5,38.59,10000.0,86.2,27.44,8000.0,0.0,1.0,1.323,12.59,600.0,10.1016_j.diamond.2020.108162_extracted_structured,cpc-2-600
236.42,0.147,0.084,174.97,0.063,1.24,0.97,,76.9,3.73,18.43,0.94,,10.0,111.0,,,,,0.5,-1.0,0.626,,700.0,10.1016_j.est.2022.104363_extracted_structured,sc-700
236.42,0.147,0.084,174.97,0.063,1.24,0.97,,76.9,3.73,18.43,0.94,,0.5,125.0,,,,,0.5,-1.0,0.626,,700.0,10.1016_j.est.2022.104363_extracted_structured,sc-700
236.42,0.147,0.084,174.97,0.063,1.24,0.97,,76.9,3.73,18.43,0.94,,10.0,114.0,,,,,0.5,-1.0,0.626,,700.0,10.1016_j.est.2022.104363_extracted_structured,sc-700
624.31,0.912,0.171,355.76,0.741,2.92,1.01,,67.69,5.42,25.71,1.18,,10.0,197.0,,,,,0.5,-1.0,0.779,0.187,700.0,10.1016_j.est.2022.104363_extracted_structured,sc-mg-700
624.31,0.912,0.171,355.76,0.741,2.92,1.01,,67.69,5.42,25.71,1.18,,0.5,172.0,,,,,0.5,-1.0,0.779,0.187,700.0,10.1016_j.est.2022.104363_extracted_structured,sc-mg-700
624.31,0.912,0.171,355.76,0.741,2.92,1.01,,67.69,5.42,25.71,1.18,,10.0,186.0,,,,,0.5,-1.0,0.779,0.187,700.0,10.1016_j.est.2022.104363_extracted_structured,sc-mg-700
825.8,0.446,0.285,594.3,0.161,,0.96,,,,,,,1.0,78.8,,,,,0.0,1.0,,,800.0,10.1016_j.est.2023.108355_extracted_structured,wfc-0
825.8,0.446,0.285,594.3,0.161,,0.96,,,,,,,10.0,73.0,,,,,0.0,1.0,,,800.0,10.1016_j.est.2023.108355_extracted_structured,wfc-0
1361.9,0.675,0.492,1079.9,0.183,,0.99,,,,,,,1.0,107.0,5000.0,98.9,,,0.0,1.0,,,800.0,10.1016_j.est.2023.108355_extracted_structured,wfc-4
1361.9,0.675,0.492,1079.9,0.183,,0.99,,,,,,,10.0,73.0,5000.0,98.9,,,0.0,1.0,,,800.0,10.1016_j.est.2023.108355_extracted_structured,wfc-4
375.98,0.234,0.113,113.01,0.121,,0.92,,97.3,,2.64,,,0.5,123.0,,,,,0.0,1.0,,0.45,,10.1016_j.est.2021.102577_extracted_structured,mpac-0
1078.92,0.616,0.514,832.67,0.102,,0.95,,97.3,,2.64,,,0.5,274.5,10000.0,94.5,12.14,349.6,0.0,1.0,2.352,0.093205,800.0,10.1016_j.est.2021.102577_extracted_structured,mpac-1
1078.92,0.616,0.514,832.67,0.102,,0.95,,97.3,,2.64,,,10.0,210.0,10000.0,94.5,12.14,349.6,0.0,1.0,2.352,0.093205,800.0,10.1016_j.est.2021.102577_extracted_structured,mpac-1
2366.0,1.42,0.54,0.54,0.88,2.4,1.19,,,0.69,,,,1.0,273.9,7000.0,87.5,,75.2,-1.0,0.0,0.63,0.04,800.0,10.1016_j.enconman.2025.119498_extracted_structured,b/n@ac
146.0,0.122,0.046,,0.003,,1.04,,85.0,5.0,10.0,,,1.0,73.4,,,,,0.0,0.5,1.2,0.7,800.0,10.1016_j.renene.2022.12.032_extracted_structured,n-hpc-y:pa(1:0)-800
866.0,0.46,0.296,,0.135,,1.07,,,,,,,1.0,135.0,,,,,0.0,0.5,1.1,0.5,700.0,10.1016_j.renene.2022.12.032_extracted_structured,n/p-hpc-y:pa(2:1)-700
978.0,0.592,0.259,,0.188,,1.05,,,,,,,1.0,432.0,,,,,0.0,0.5,1.1,0.4,800.0,10.1016_j.renene.2022.12.032_extracted_structured,n/p-hpc-y:pa(2:1)-800
1847.3,0.92,0.73,1501.55,0.19,2.0,0.96,,87.55,0.36,12.09,,,1.0,267.0,,,,,0.0,1.0,,,750.0,10.1016_j.diamond.2022.108862_extracted_structured,pc
1809.19,0.89,0.71,1537.5,0.18,1.97,1.02,,84.55,3.36,12.09,,,1.0,267.0,,,,,0.0,1.0,,,750.0,10.1016_j.diamond.2022.108862_extracted_structured,pgc-ni
1549.2,0.74,0.57,1304.34,0.17,1.9,0.97,,82.55,5.36,12.09,,,1.0,267.0,,,,,0.0,1.0,,,750.0,10.1016_j.diamond.2022.108862_extracted_structured,pgc-mo
1366.54,0.86,0.58,932.44,0.28,2.5,1.05,,82.64,5.36,12.09,,,1.0,267.0,10000.0,94.8,19.8,9283.0,0.0,1.0,,,750.0,10.1016_j.diamond.2022.108862_extracted_structured,pgc-ni-mo
1366.54,0.86,0.58,932.44,0.28,2.5,1.05,,82.64,5.36,12.09,,,10.0,183.0,10000.0,94.8,19.8,9283.0,0.0,1.0,,,750.0,10.1016_j.diamond.2022.108862_extracted_structured,pgc-ni-mo
3040.3,1.419,0.488,1082.3,0.931,2.018,0.953,0.23,84.12,0.21,15.67,,,0.5,214.5,5000.0,85.2,,,0.0,1.0,0.54,1.8,800.0,10.1016_j.ijhydene.2020.10.037_extracted_structured,lcac
3040.3,1.419,0.488,1082.3,0.931,2.018,0.953,0.23,84.12,0.21,15.67,,,,132.0,5000.0,85.2,,,0.0,1.0,0.54,1.8,800.0,10.1016_j.ijhydene.2020.10.037_extracted_structured,lcac
3040.3,1.419,0.488,1082.3,0.931,2.018,0.953,0.23,84.12,0.21,15.67,,,,222.0,5000.0,85.2,,,0.0,1.0,0.54,1.8,800.0,10.1016_j.ijhydene.2020.10.037_extracted_structured,lcac
2961.7,1.349,0.432,1021.8,0.917,2.024,1.085,0.23,81.66,2.36,15.98,,,0.5,342.5,5000.0,96.2,11.8,250.0,0.0,1.0,0.51,1.0,800.0,10.1016_j.ijhydene.2020.10.037_extracted_structured,lcac-p20
2961.7,1.349,0.432,1021.8,0.917,2.024,1.085,0.23,81.66,2.36,15.98,,,,252.0,5000.0,96.2,11.8,250.0,0.0,1.0,0.51,1.0,800.0,10.1016_j.ijhydene.2020.10.037_extracted_structured,lcac-p20
2961.7,1.349,0.432,1021.8,0.917,2.024,1.085,0.23,81.66,2.36,15.98,,,,342.5,5000.0,96.2,11.8,250.0,0.0,1.0,0.51,1.0,800.0,10.1016_j.ijhydene.2020.10.037_extracted_structured,lcac-p20
2662.5,0.99,0.21,301.4,0.78,2.34,0.981,0.23,87.06,0.53,12.41,,,0.5,201.1,5000.0,95.4,,,0.0,1.0,0.0,0.95,800.0,10.1016_j.ijhydene.2020.10.037_extracted_structured,lsac
2662.5,0.99,0.21,301.4,0.78,2.34,0.981,0.23,87.06,0.53,12.41,,,,144.2,5000.0,95.4,,,0.0,1.0,0.0,0.95,800.0,10.1016_j.ijhydene.2020.10.037_extracted_structured,lsac
2662.5,0.99,0.21,301.4,0.78,2.34,0.981,0.23,87.06,0.53,12.41,,,,332.1,5000.0,95.4,,,0.0,1.0,0.0,0.95,800.0,10.1016_j.ijhydene.2020.10.037_extracted_structured,lsac
2514.2,0.902,0.321,541.4,0.581,2.3,1.09,0.23,85.21,2.46,12.33,,,0.5,332.1,5000.0,89.8,10.6,250.0,0.0,1.0,0.54,0.57,800.0,10.1016_j.ijhydene.2020.10.037_extracted_structured,lsac-p20
2514.2,0.902,0.321,541.4,0.581,2.3,1.09,0.23,85.21,2.46,12.33,,,,252.0,5000.0,89.8,10.6,250.0,0.0,1.0,0.54,0.57,800.0,10.1016_j.ijhydene.2020.10.037_extracted_structured,lsac-p20
2514.2,0.902,0.321,541.4,0.581,2.3,1.09,0.23,85.21,2.46,12.33,,,,332.1,5000.0,89.8,10.6,250.0,0.0,1.0,0.54,0.57,800.0,10.1016_j.ijhydene.2020.10.037_extracted_structured,lsac-p20
2313.0,1.01,0.91,2185.0,0.1,1.75,1.05,,88.29,,11.71,,,,310.0,10000.0,99.0,,,0.0,0.0,1.175,0.875,700.0,10.1016_j.jpowsour.2018.12.064_extracted_structured,hipcs-3-700
2313.0,1.01,0.91,2185.0,0.1,1.75,1.05,,88.29,,11.71,,,,282.0,10000.0,99.0,,,0.0,0.0,1.175,0.875,700.0,10.1016_j.jpowsour.2018.12.064_extracted_structured,hipcs-3-700
2313.0,1.01,0.91,2185.0,0.1,1.75,1.05,,88.29,,11.71,,,1.0,39.7,10000.0,99.0,,,0.0,0.0,1.175,0.875,700.0,10.1016_j.jpowsour.2018.12.064_extracted_structured,hipcs-3-700
2675.0,1.36,0.89,2184.0,0.46,2.03,1.3,,91.03,8.54,0.43,,,10.0,369.0,,,,,0.0,0.0,1.214,0.489,700.0,10.1016_j.jpowsour.2018.12.064_extracted_structured,hipcs-4-700
2675.0,1.36,0.89,2184.0,0.46,2.03,1.3,,91.03,8.54,0.43,,,,310.0,,,,,0.0,0.0,1.214,0.489,700.0,10.1016_j.jpowsour.2018.12.064_extracted_structured,hipcs-4-700
2675.0,1.36,0.89,2184.0,0.46,2.03,1.3,,91.03,8.54,0.43,,,,282.0,,,,,0.0,0.0,1.214,0.489,700.0,10.1016_j.jpowsour.2018.12.064_extracted_structured,hipcs-4-700
2676.0,1.37,1.05,2354.0,0.32,2.04,1.37,,91.52,7.79,0.69,,,1.0,473.0,10000.0,89.3,,,0.0,0.0,1.123,1.072,800.0,10.1016_j.jpowsour.2018.12.064_extracted_structured,hipcs-4-800
2638.0,1.3,0.96,2272.0,0.34,1.98,1.3,,87.04,,,,,1.0,473.0,10000.0,91.0,,,0.0,0.0,1.191,,700.0,10.1016_j.jpowsour.2018.12.064_extracted_structured,hipcs-5-700
1970.1,0.741,0.625,,0.101,,1.32,,,,,,,0.5,205.3,5000.0,95.1,,,0.8,1.4,0.18,,700.0,10.1016_j.jallcom.2020.157207_extracted_structured,gmac
1970.1,0.741,0.625,,0.101,,1.32,,,,,,,0.5,345.5,5000.0,95.1,,,0.8,1.4,0.18,,700.0,10.1016_j.jallcom.2020.157207_extracted_structured,gmac
1970.1,0.741,0.625,,0.101,,1.32,,,,,,,0.5,310.0,5000.0,95.1,,,0.8,1.4,0.18,,700.0,10.1016_j.jallcom.2020.157207_extracted_structured,gmac
1681.0,0.97,0.55,1055.0,,2.31,0.79,,80.0,1.42,,0.49,2.2,5.0,202.0,10000.0,95.0,,,0.0,0.8,,,800.0,10.1016_j.indcrop.2017.04.015_extracted_structured,1-3cns
1681.0,0.97,0.55,1055.0,,2.31,0.79,,80.0,1.42,,0.49,2.2,10.0,197.0,10000.0,95.0,,,0.0,0.8,,,800.0,10.1016_j.indcrop.2017.04.015_extracted_structured,1-3cns
1681.0,0.97,0.55,1055.0,,2.31,0.79,,80.0,1.42,,0.49,2.2,,184.0,10000.0,95.0,,,0.0,0.8,,,800.0,10.1016_j.indcrop.2017.04.015_extracted_structured,1-3cns
1681.0,0.97,0.55,1055.0,,2.31,0.79,,80.0,1.42,,0.49,2.2,,154.0,10000.0,95.0,,,0.0,0.8,,,800.0,10.1016_j.indcrop.2017.04.015_extracted_structured,1-3cns
1681.0,0.97,0.55,1055.0,,2.31,0.79,,80.0,1.42,,0.49,2.2,,119.0,10000.0,95.0,,,0.0,0.8,,,800.0,10.1016_j.indcrop.2017.04.015_extracted_structured,1-3cns
3010.0,1.45,0.85,,0.49,,0.97,,86.8,1.1,12.1,,,1.0,394.0,,,,,-1.0,0.0,,,800.0,10.1016_j.ijhydene.2018.03.220_extracted_structured,ppdc-2-800
3325.0,1.63,0.74,,0.77,,1.02,,84.4,1.3,14.3,,,1.0,406.0,,,,,-1.0,0.0,5.6,,800.0,10.1016_j.ijhydene.2018.03.220_extracted_structured,ppdc-3-800
